USE roomsync;

insert into Users (userID, userName, userEmail, userPhone, userRole, userStatus) values (1, 'wbranson0', 'ffaraday0@java.com', '352-514-8275', 'landlord', 'suspended');
insert into Users (userID, userName, userEmail, userPhone, userRole, userStatus) values (2, 'spattesall1', 'kmichel1@mail.ru', '307-673-1926', 'admin', 'inactive');
insert into Users (userID, userName, userEmail, userPhone, userRole, userStatus) values (3, 'lscolding2', 'jkabsch2@gravatar.com', '263-675-6525', 'renter', 'active');
insert into Users (userID, userName, userEmail, userPhone, userRole, userStatus) values (4, 'jinfantino3', 'ufalvey3@ifeng.com', '614-778-3362', 'admin', 'suspended');
insert into Users (userID, userName, userEmail, userPhone, userRole, userStatus) values (5, 'hconnold4', 'cwaber4@about.com', '363-223-0218', 'admin', 'suspended');
insert into Users (userID, userName, userEmail, userPhone, userRole, userStatus) values (6, 'cfloodgate5', 'zshirtcliffe5@disqus.com', '655-651-2383', 'broker', 'suspended');
insert into Users (userID, userName, userEmail, userPhone, userRole, userStatus) values (7, 'dthreadgold6', 'cmansour6@trellian.com', '373-982-9787', 'broker', 'active');
insert into Users (userID, userName, userEmail, userPhone, userRole, userStatus) values (8, 'dgallemore7', 'gberanek7@berkeley.edu', '749-828-4569', 'admin', 'suspended');
insert into Users (userID, userName, userEmail, userPhone, userRole, userStatus) values (9, 'despasa8', 'bschrinel8@mit.edu', '651-752-5273', 'renter', 'inactive');
insert into Users (userID, userName, userEmail, userPhone, userRole, userStatus) values (10, 'ablamires9', 'hhub9@shinystat.com', '381-570-2594', 'broker', 'inactive');
insert into Users (userID, userName, userEmail, userPhone, userRole, userStatus) values (11, 'ltempertona', 'omottea@marriott.com', '463-328-7075', 'renter', 'active');
insert into Users (userID, userName, userEmail, userPhone, userRole, userStatus) values (12, 'twethb', 'cfilipovb@github.io', '163-574-7749', 'renter', 'suspended');
insert into Users (userID, userName, userEmail, userPhone, userRole, userStatus) values (13, 'twroathc', 'rbreukelmanc@phoca.cz', '520-435-1374', 'admin', 'inactive');
insert into Users (userID, userName, userEmail, userPhone, userRole, userStatus) values (14, 'gelgeyd', 'ltessymand@netlog.com', '619-367-0747', 'broker', 'inactive');
insert into Users (userID, userName, userEmail, userPhone, userRole, userStatus) values (15, 'epusille', 'aschoute@aol.com', '763-841-1563', 'broker', 'active');
insert into Users (userID, userName, userEmail, userPhone, userRole, userStatus) values (16, 'ccrowchf', 'esigwardf@storify.com', '563-366-2942', 'admin', 'inactive');
insert into Users (userID, userName, userEmail, userPhone, userRole, userStatus) values (17, 'khinrichsg', 'cbloyg@hugedomains.com', '499-296-1842', 'admin', 'inactive');
insert into Users (userID, userName, userEmail, userPhone, userRole, userStatus) values (18, 'mashelfordh', 'zrapph@networksolutions.com', '344-375-3258', 'renter', 'inactive');
insert into Users (userID, userName, userEmail, userPhone, userRole, userStatus) values (19, 'ajeppsi', 'fgayforthi@apache.org', '816-172-6060', 'landlord', 'inactive');
insert into Users (userID, userName, userEmail, userPhone, userRole, userStatus) values (20, 'jmarchbankj', 'ldalej@spiegel.de', '452-169-9147', 'landlord', 'active');
insert into Users (userID, userName, userEmail, userPhone, userRole, userStatus) values (21, 'mboddyk', 'bgodmark@cdbaby.com', '336-401-3138', 'admin', 'suspended');
insert into Users (userID, userName, userEmail, userPhone, userRole, userStatus) values (22, 'jbenediktl', 'spineauxl@myspace.com', '265-249-2312', 'broker', 'active');
insert into Users (userID, userName, userEmail, userPhone, userRole, userStatus) values (23, 'kswitsurm', 'sgullifantm@slate.com', '693-294-0061', 'renter', 'inactive');
insert into Users (userID, userName, userEmail, userPhone, userRole, userStatus) values (24, 'tsnozzwelln', 'dronischn@apache.org', '240-779-5405', 'renter', 'inactive');
insert into Users (userID, userName, userEmail, userPhone, userRole, userStatus) values (25, 'ncorsaro', 'smouato@shareasale.com', '809-812-4230', 'landlord', 'suspended');
insert into Users (userID, userName, userEmail, userPhone, userRole, userStatus) values (26, 'ytattersallp', 'bgladmanp@opera.com', '905-876-8348', 'renter', 'suspended');
insert into Users (userID, userName, userEmail, userPhone, userRole, userStatus) values (27, 'hreochq', 'battreedq@technorati.com', '778-141-6285', 'renter', 'active');
insert into Users (userID, userName, userEmail, userPhone, userRole, userStatus) values (28, 'sstaterfieldr', 'elegginr@flickr.com', '982-954-2533', 'renter', 'active');
insert into Users (userID, userName, userEmail, userPhone, userRole, userStatus) values (29, 'ptomkins', 'demlens@livejournal.com', '690-645-2644', 'broker', 'suspended');
insert into Users (userID, userName, userEmail, userPhone, userRole, userStatus) values (30, 'bdeclairmontt', 'gstanert@issuu.com', '948-804-6605', 'admin', 'inactive');
insert into Users (userID, userName, userEmail, userPhone, userRole, userStatus) values (31, 'tbotgeru', 'sheelu@skyrock.com', '215-201-6512', 'landlord', 'suspended');
insert into Users (userID, userName, userEmail, userPhone, userRole, userStatus) values (32, 'asummonsv', 'zbrungerv@slate.com', '629-173-0743', 'broker', 'suspended');
insert into Users (userID, userName, userEmail, userPhone, userRole, userStatus) values (33, 'mhandesw', 'kdunridgew@facebook.com', '942-283-3935', 'broker', 'inactive');
insert into Users (userID, userName, userEmail, userPhone, userRole, userStatus) values (34, 'zlittrellx', 'civanonkox@wikispaces.com', '424-564-8369', 'landlord', 'inactive');
insert into Users (userID, userName, userEmail, userPhone, userRole, userStatus) values (35, 'dwadhamsy', 'vdowniey@yale.edu', '208-449-5074', 'admin', 'active');
insert into Users (userID, userName, userEmail, userPhone, userRole, userStatus) values (36, 'eoldacresz', 'ntolsonz@ftc.gov', '933-557-8064', 'renter', 'inactive');
insert into Users (userID, userName, userEmail, userPhone, userRole, userStatus) values (37, 'lmetzel10', 'wacosta10@vinaora.com', '936-679-2306', 'landlord', 'suspended');
insert into Users (userID, userName, userEmail, userPhone, userRole, userStatus) values (38, 'otrew11', 'mlemarquis11@flavors.me', '157-585-7957', 'landlord', 'suspended');
insert into Users (userID, userName, userEmail, userPhone, userRole, userStatus) values (39, 'lstanmer12', 'alivett12@dyndns.org', '419-301-0805', 'renter', 'suspended');
insert into Users (userID, userName, userEmail, userPhone, userRole, userStatus) values (40, 'btrudgian13', 'msorley13@google.it', '614-732-5995', 'landlord', 'inactive');



insert into Neighborhood (neighborhoodID, neighborhoodName, neighborhoodInsights) values (1, 'Riverdale Heights', 'average age of residents: 35');
insert into Neighborhood (neighborhoodID, neighborhoodName, neighborhoodInsights) values (2, 'Maple Grove', 'number of parks: 5');
insert into Neighborhood (neighborhoodID, neighborhoodName, neighborhoodInsights) values (3, 'Maple Grove', 'population density: 5000 people/sq mile');
insert into Neighborhood (neighborhoodID, neighborhoodName, neighborhoodInsights) values (4, 'Pine Ridge', 'average commute time: 30 minutes');
insert into Neighborhood (neighborhoodID, neighborhoodName, neighborhoodInsights) values (5, 'Sunnydale', 'average household income: $60');
insert into Neighborhood (neighborhoodID, neighborhoodName, neighborhoodInsights) values (6, 'Cedar Ridge', 'average household income: $60');
insert into Neighborhood (neighborhoodID, neighborhoodName, neighborhoodInsights) values (7, 'Hillcrest Heights', 'percentage of residents with college degree: 40%');
insert into Neighborhood (neighborhoodID, neighborhoodName, neighborhoodInsights) values (8, 'Meadowbrook Meadows', '000');
insert into Neighborhood (neighborhoodID, neighborhoodName, neighborhoodInsights) values (9, 'Cedar Ridge', 'average household income: $60');
insert into Neighborhood (neighborhoodID, neighborhoodName, neighborhoodInsights) values (10, 'Maple Grove', 'population density: 5000 people/sq mile');
insert into Neighborhood (neighborhoodID, neighborhoodName, neighborhoodInsights) values (11, 'Oakwood Estates', 'average commute time: 30 minutes');
insert into Neighborhood (neighborhoodID, neighborhoodName, neighborhoodInsights) values (12, 'Maple Grove', 'average commute time: 30 minutes');
insert into Neighborhood (neighborhoodID, neighborhoodName, neighborhoodInsights) values (13, 'Maple Grove', '000');
insert into Neighborhood (neighborhoodID, neighborhoodName, neighborhoodInsights) values (14, 'Willow Creek', 'population density: 5000 people/sq mile');
insert into Neighborhood (neighborhoodID, neighborhoodName, neighborhoodInsights) values (15, 'Willow Creek', '000');
insert into Neighborhood (neighborhoodID, neighborhoodName, neighborhoodInsights) values (16, 'Sunset Hills', '000');
insert into Neighborhood (neighborhoodID, neighborhoodName, neighborhoodInsights) values (17, 'Sunset Hills', 'average age of residents: 35');
insert into Neighborhood (neighborhoodID, neighborhoodName, neighborhoodInsights) values (18, 'Sunnydale', 'number of parks: 5');
insert into Neighborhood (neighborhoodID, neighborhoodName, neighborhoodInsights) values (19, 'Hillcrest Heights', 'percentage of residents with college degree: 40%');
insert into Neighborhood (neighborhoodID, neighborhoodName, neighborhoodInsights) values (20, 'Maple Grove', 'average commute time: 30 minutes');
insert into Neighborhood (neighborhoodID, neighborhoodName, neighborhoodInsights) values (21, 'Meadowbrook Meadows', 'median home value: $300');
insert into Neighborhood (neighborhoodID, neighborhoodName, neighborhoodInsights) values (22, 'Sunnydale', 'percentage of residents with college degree: 40%');
insert into Neighborhood (neighborhoodID, neighborhoodName, neighborhoodInsights) values (23, 'Riverdale Heights', '000');
insert into Neighborhood (neighborhoodID, neighborhoodName, neighborhoodInsights) values (24, 'Oakwood Estates', 'average school rating: 8/10');
insert into Neighborhood (neighborhoodID, neighborhoodName, neighborhoodInsights) values (25, 'Sunset Hills', 'number of restaurants: 20');
insert into Neighborhood (neighborhoodID, neighborhoodName, neighborhoodInsights) values (26, 'Cedar Ridge', 'average school rating: 8/10');
insert into Neighborhood (neighborhoodID, neighborhoodName, neighborhoodInsights) values (27, 'Willow Creek', 'average school rating: 8/10');
insert into Neighborhood (neighborhoodID, neighborhoodName, neighborhoodInsights) values (28, 'Hillcrest Heights', '000');
insert into Neighborhood (neighborhoodID, neighborhoodName, neighborhoodInsights) values (29, 'Oakwood Estates', 'average age of residents: 35');
insert into Neighborhood (neighborhoodID, neighborhoodName, neighborhoodInsights) values (30, 'Hillcrest Heights', 'median home value: $300');

insert into ApartmentFeatures (featureID, label, value) values (1, 'rent', '2500');
insert into ApartmentFeatures (featureID, label, value) values (2, 'rent', '1800');
insert into ApartmentFeatures (featureID, label, value) values (3, 'rent', '3200');
insert into ApartmentFeatures (featureID, label, value) values (4, 'rent', '1500');
insert into ApartmentFeatures (featureID, label, value) values (5, 'rent', '2200');
insert into ApartmentFeatures (featureID, label, value) values (6, 'rent', '2800');
insert into ApartmentFeatures (featureID, label, value) values (7, 'rent', '1350');
insert into ApartmentFeatures (featureID, label, value) values (8, 'rent', '3500');
insert into ApartmentFeatures (featureID, label, value) values (9, 'rent', '1950');
insert into ApartmentFeatures (featureID, label, value) values (10, 'rent', '2100');
insert into ApartmentFeatures (featureID, label, value) values (11, 'rent', '2750');
insert into ApartmentFeatures (featureID, label, value) values (12, 'rent', '1600');
insert into ApartmentFeatures (featureID, label, value) values (13, 'rent', '3000');
insert into ApartmentFeatures (featureID, label, value) values (14, 'rent', '2400');
insert into ApartmentFeatures (featureID, label, value) values (15, 'rent', '1700');
insert into ApartmentFeatures (featureID, label, value) values (16, 'rent', '2900');
insert into ApartmentFeatures (featureID, label, value) values (17, 'rent', '3300');
insert into ApartmentFeatures (featureID, label, value) values (18, 'rent', '1450');
insert into ApartmentFeatures (featureID, label, value) values (19, 'rent', '2650');
insert into ApartmentFeatures (featureID, label, value) values (20, 'rent', '3100');
insert into ApartmentFeatures (featureID, label, value) values (21, 'rent', '1250');
insert into ApartmentFeatures (featureID, label, value) values (22, 'rent', '2350');
insert into ApartmentFeatures (featureID, label, value) values (23, 'rent', '3400');
insert into ApartmentFeatures (featureID, label, value) values (24, 'rent', '1900');
insert into ApartmentFeatures (featureID, label, value) values (25, 'rent', '2050');
insert into ApartmentFeatures (featureID, label, value) values (26, 'rent', '2600');
insert into ApartmentFeatures (featureID, label, value) values (27, 'rent', '3150');
insert into ApartmentFeatures (featureID, label, value) values (28, 'rent', '1550');
insert into ApartmentFeatures (featureID, label, value) values (29, 'rent', '2300');
insert into ApartmentFeatures (featureID, label, value) values (30, 'rent', '2850');
insert into ApartmentFeatures (featureID, label, value) values (31, 'rent', '1400');
insert into ApartmentFeatures (featureID, label, value) values (32, 'rent', '3600');
insert into ApartmentFeatures (featureID, label, value) values (33, 'rent', '2700');
insert into ApartmentFeatures (featureID, label, value) values (34, 'rent', '1750');
insert into ApartmentFeatures (featureID, label, value) values (35, 'rent', '3800');
insert into ApartmentFeatures (featureID, label, value) values (36, 'bedrooms', '2');
insert into ApartmentFeatures (featureID, label, value) values (37, 'bedrooms', '1');
insert into ApartmentFeatures (featureID, label, value) values (38, 'bedrooms', '3');
insert into ApartmentFeatures (featureID, label, value) values (39, 'bedrooms', '1');
insert into ApartmentFeatures (featureID, label, value) values (40, 'bedrooms', '2');
insert into ApartmentFeatures (featureID, label, value) values (41, 'bedrooms', '2');
insert into ApartmentFeatures (featureID, label, value) values (42, 'bedrooms', '1');
insert into ApartmentFeatures (featureID, label, value) values (43, 'bedrooms', '4');
insert into ApartmentFeatures (featureID, label, value) values (44, 'bedrooms', '1');
insert into ApartmentFeatures (featureID, label, value) values (45, 'bedrooms', '2');
insert into ApartmentFeatures (featureID, label, value) values (46, 'bedrooms', '3');
insert into ApartmentFeatures (featureID, label, value) values (47, 'bedrooms', '1');
insert into ApartmentFeatures (featureID, label, value) values (48, 'bedrooms', '3');
insert into ApartmentFeatures (featureID, label, value) values (49, 'bedrooms', '2');
insert into ApartmentFeatures (featureID, label, value) values (50, 'bedrooms', '1');
insert into ApartmentFeatures (featureID, label, value) values (51, 'bedrooms', '3');
insert into ApartmentFeatures (featureID, label, value) values (52, 'bedrooms', '4');
insert into ApartmentFeatures (featureID, label, value) values (53, 'bedrooms', '1');
insert into ApartmentFeatures (featureID, label, value) values (54, 'bedrooms', '2');
insert into ApartmentFeatures (featureID, label, value) values (55, 'bedrooms', '3');
insert into ApartmentFeatures (featureID, label, value) values (56, 'bedrooms', '1');
insert into ApartmentFeatures (featureID, label, value) values (57, 'bedrooms', '2');
insert into ApartmentFeatures (featureID, label, value) values (58, 'bedrooms', '3');
insert into ApartmentFeatures (featureID, label, value) values (59, 'bedrooms', '2');
insert into ApartmentFeatures (featureID, label, value) values (60, 'bedrooms', '1');
insert into ApartmentFeatures (featureID, label, value) values (61, 'bedrooms', '2');
insert into ApartmentFeatures (featureID, label, value) values (62, 'bedrooms', '3');
insert into ApartmentFeatures (featureID, label, value) values (63, 'bedrooms', '1');
insert into ApartmentFeatures (featureID, label, value) values (64, 'bedrooms', '2');
insert into ApartmentFeatures (featureID, label, value) values (65, 'bedrooms', '3');
insert into ApartmentFeatures (featureID, label, value) values (66, 'bedrooms', '1');
insert into ApartmentFeatures (featureID, label, value) values (67, 'bedrooms', '4');
insert into ApartmentFeatures (featureID, label, value) values (68, 'bedrooms', '2');
insert into ApartmentFeatures (featureID, label, value) values (69, 'bedrooms', '1');
insert into ApartmentFeatures (featureID, label, value) values (70, 'bedrooms', '3');
insert into ApartmentFeatures (featureID, label, value) values (71, 'bathrooms', '1');
insert into ApartmentFeatures (featureID, label, value) values (72, 'bathrooms', '1');
insert into ApartmentFeatures (featureID, label, value) values (73, 'bathrooms', '2');
insert into ApartmentFeatures (featureID, label, value) values (74, 'bathrooms', '1');
insert into ApartmentFeatures (featureID, label, value) values (75, 'bathrooms', '1.5');
insert into ApartmentFeatures (featureID, label, value) values (76, 'bathrooms', '1');
insert into ApartmentFeatures (featureID, label, value) values (77, 'bathrooms', '1');
insert into ApartmentFeatures (featureID, label, value) values (78, 'bathrooms', '2.5');
insert into ApartmentFeatures (featureID, label, value) values (79, 'bathrooms', '1');
insert into ApartmentFeatures (featureID, label, value) values (80, 'bathrooms', '1');
insert into ApartmentFeatures (featureID, label, value) values (81, 'bathrooms', '2');
insert into ApartmentFeatures (featureID, label, value) values (82, 'bathrooms', '1');
insert into ApartmentFeatures (featureID, label, value) values (83, 'bathrooms', '2');
insert into ApartmentFeatures (featureID, label, value) values (84, 'bathrooms', '1.5');
insert into ApartmentFeatures (featureID, label, value) values (85, 'bathrooms', '1');
insert into ApartmentFeatures (featureID, label, value) values (86, 'bathrooms', '2');
insert into ApartmentFeatures (featureID, label, value) values (87, 'bathrooms', '2.5');
insert into ApartmentFeatures (featureID, label, value) values (88, 'bathrooms', '1');
insert into ApartmentFeatures (featureID, label, value) values (89, 'bathrooms', '1.5');
insert into ApartmentFeatures (featureID, label, value) values (90, 'bathrooms', '2');
insert into ApartmentFeatures (featureID, label, value) values (91, 'bathrooms', '1');
insert into ApartmentFeatures (featureID, label, value) values (92, 'bathrooms', '1');
insert into ApartmentFeatures (featureID, label, value) values (93, 'bathrooms', '2');
insert into ApartmentFeatures (featureID, label, value) values (94, 'bathrooms', '1');
insert into ApartmentFeatures (featureID, label, value) values (95, 'bathrooms', '1');
insert into ApartmentFeatures (featureID, label, value) values (96, 'bathrooms', '1.5');
insert into ApartmentFeatures (featureID, label, value) values (97, 'bathrooms', '2');
insert into ApartmentFeatures (featureID, label, value) values (98, 'bathrooms', '1');
insert into ApartmentFeatures (featureID, label, value) values (99, 'bathrooms', '1');
insert into ApartmentFeatures (featureID, label, value) values (100, 'bathrooms', '2');
insert into ApartmentFeatures (featureID, label, value) values (101, 'bathrooms', '1');
insert into ApartmentFeatures (featureID, label, value) values (102, 'bathrooms', '3');
insert into ApartmentFeatures (featureID, label, value) values (103, 'bathrooms', '1.5');
insert into ApartmentFeatures (featureID, label, value) values (104, 'bathrooms', '1');
insert into ApartmentFeatures (featureID, label, value) values (105, 'bathrooms', '2');
insert into ApartmentFeatures (featureID, label, value) values (106, 'walk_in_closet', 'True');
insert into ApartmentFeatures (featureID, label, value) values (107, 'walk_in_closet', 'False');
insert into ApartmentFeatures (featureID, label, value) values (108, 'walk_in_closet', 'True');
insert into ApartmentFeatures (featureID, label, value) values (109, 'walk_in_closet', 'False');
insert into ApartmentFeatures (featureID, label, value) values (110, 'walk_in_closet', 'True');
insert into ApartmentFeatures (featureID, label, value) values (111, 'walk_in_closet', 'False');
insert into ApartmentFeatures (featureID, label, value) values (112, 'walk_in_closet', 'True');
insert into ApartmentFeatures (featureID, label, value) values (113, 'walk_in_closet', 'True');
insert into ApartmentFeatures (featureID, label, value) values (114, 'walk_in_closet', 'False');
insert into ApartmentFeatures (featureID, label, value) values (115, 'walk_in_closet', 'True');
insert into ApartmentFeatures (featureID, label, value) values (116, 'walk_in_closet', 'True');
insert into ApartmentFeatures (featureID, label, value) values (117, 'walk_in_closet', 'False');
insert into ApartmentFeatures (featureID, label, value) values (118, 'walk_in_closet', 'True');
insert into ApartmentFeatures (featureID, label, value) values (119, 'walk_in_closet', 'True');
insert into ApartmentFeatures (featureID, label, value) values (120, 'walk_in_closet', 'False');
insert into ApartmentFeatures (featureID, label, value) values (121, 'walk_in_closet', 'True');
insert into ApartmentFeatures (featureID, label, value) values (122, 'walk_in_closet', 'False');
insert into ApartmentFeatures (featureID, label, value) values (123, 'walk_in_closet', 'False');
insert into ApartmentFeatures (featureID, label, value) values (124, 'walk_in_closet', 'True');
insert into ApartmentFeatures (featureID, label, value) values (125, 'walk_in_closet', 'True');
insert into ApartmentFeatures (featureID, label, value) values (126, 'walk_in_closet', 'False');
insert into ApartmentFeatures (featureID, label, value) values (127, 'walk_in_closet', 'True');
insert into ApartmentFeatures (featureID, label, value) values (128, 'walk_in_closet', 'True');
insert into ApartmentFeatures (featureID, label, value) values (129, 'walk_in_closet', 'False');
insert into ApartmentFeatures (featureID, label, value) values (130, 'walk_in_closet', 'True');
insert into ApartmentFeatures (featureID, label, value) values (131, 'walk_in_closet', 'False');
insert into ApartmentFeatures (featureID, label, value) values (132, 'walk_in_closet', 'True');
insert into ApartmentFeatures (featureID, label, value) values (133, 'walk_in_closet', 'False');
insert into ApartmentFeatures (featureID, label, value) values (134, 'walk_in_closet', 'True');
insert into ApartmentFeatures (featureID, label, value) values (135, 'walk_in_closet', 'True');
insert into ApartmentFeatures (featureID, label, value) values (136, 'walk_in_closet', 'False');
insert into ApartmentFeatures (featureID, label, value) values (137, 'walk_in_closet', 'True');
insert into ApartmentFeatures (featureID, label, value) values (138, 'walk_in_closet', 'False');
insert into ApartmentFeatures (featureID, label, value) values (139, 'walk_in_closet', 'True');
insert into ApartmentFeatures (featureID, label, value) values (140, 'walk_in_closet', 'True');
insert into ApartmentFeatures (featureID, label, value) values (141, 'dishwashers', 'True');
insert into ApartmentFeatures (featureID, label, value) values (142, 'dishwashers', 'True');
insert into ApartmentFeatures (featureID, label, value) values (143, 'dishwashers', 'True');
insert into ApartmentFeatures (featureID, label, value) values (144, 'dishwashers', 'False');
insert into ApartmentFeatures (featureID, label, value) values (145, 'dishwashers', 'True');
insert into ApartmentFeatures (featureID, label, value) values (146, 'dishwashers', 'False');
insert into ApartmentFeatures (featureID, label, value) values (147, 'dishwashers', 'True');
insert into ApartmentFeatures (featureID, label, value) values (148, 'dishwashers', 'True');
insert into ApartmentFeatures (featureID, label, value) values (149, 'dishwashers', 'False');
insert into ApartmentFeatures (featureID, label, value) values (150, 'dishwashers', 'True');
insert into ApartmentFeatures (featureID, label, value) values (151, 'dishwashers', 'True');
insert into ApartmentFeatures (featureID, label, value) values (152, 'dishwashers', 'False');
insert into ApartmentFeatures (featureID, label, value) values (153, 'dishwashers', 'True');
insert into ApartmentFeatures (featureID, label, value) values (154, 'dishwashers', 'True');
insert into ApartmentFeatures (featureID, label, value) values (155, 'dishwashers', 'True');
insert into ApartmentFeatures (featureID, label, value) values (156, 'dishwashers', 'False');
insert into ApartmentFeatures (featureID, label, value) values (157, 'dishwashers', 'True');
insert into ApartmentFeatures (featureID, label, value) values (158, 'dishwashers', 'False');
insert into ApartmentFeatures (featureID, label, value) values (159, 'dishwashers', 'True');
insert into ApartmentFeatures (featureID, label, value) values (160, 'dishwashers', 'True');
insert into ApartmentFeatures (featureID, label, value) values (161, 'dishwashers', 'False');
insert into ApartmentFeatures (featureID, label, value) values (162, 'dishwashers', 'True');
insert into ApartmentFeatures (featureID, label, value) values (163, 'dishwashers', 'True');
insert into ApartmentFeatures (featureID, label, value) values (164, 'dishwashers', 'True');
insert into ApartmentFeatures (featureID, label, value) values (165, 'dishwashers', 'False');
insert into ApartmentFeatures (featureID, label, value) values (166, 'dishwashers', 'True');
insert into ApartmentFeatures (featureID, label, value) values (167, 'dishwashers', 'False');
insert into ApartmentFeatures (featureID, label, value) values (168, 'dishwashers', 'True');
insert into ApartmentFeatures (featureID, label, value) values (169, 'dishwashers', 'True');
insert into ApartmentFeatures (featureID, label, value) values (170, 'dishwashers', 'True');
insert into ApartmentFeatures (featureID, label, value) values (171, 'dishwashers', 'False');
insert into ApartmentFeatures (featureID, label, value) values (172, 'dishwashers', 'True');
insert into ApartmentFeatures (featureID, label, value) values (173, 'dishwashers', 'True');
insert into ApartmentFeatures (featureID, label, value) values (174, 'dishwashers', 'False');
insert into ApartmentFeatures (featureID, label, value) values (175, 'dishwashers', 'True');
insert into ApartmentFeatures (featureID, label, value) values (176, 'in_unit_laundry', 'False');
insert into ApartmentFeatures (featureID, label, value) values (177, 'in_unit_laundry', 'True');
insert into ApartmentFeatures (featureID, label, value) values (178, 'in_unit_laundry', 'True');
insert into ApartmentFeatures (featureID, label, value) values (179, 'in_unit_laundry', 'False');
insert into ApartmentFeatures (featureID, label, value) values (180, 'in_unit_laundry', 'True');
insert into ApartmentFeatures (featureID, label, value) values (181, 'in_unit_laundry', 'False');
insert into ApartmentFeatures (featureID, label, value) values (182, 'in_unit_laundry', 'False');
insert into ApartmentFeatures (featureID, label, value) values (183, 'in_unit_laundry', 'True');
insert into ApartmentFeatures (featureID, label, value) values (184, 'in_unit_laundry', 'False');
insert into ApartmentFeatures (featureID, label, value) values (185, 'in_unit_laundry', 'True');
insert into ApartmentFeatures (featureID, label, value) values (186, 'in_unit_laundry', 'True');
insert into ApartmentFeatures (featureID, label, value) values (187, 'in_unit_laundry', 'False');
insert into ApartmentFeatures (featureID, label, value) values (188, 'in_unit_laundry', 'True');
insert into ApartmentFeatures (featureID, label, value) values (189, 'in_unit_laundry', 'False');
insert into ApartmentFeatures (featureID, label, value) values (190, 'in_unit_laundry', 'True');
insert into ApartmentFeatures (featureID, label, value) values (191, 'in_unit_laundry', 'True');
insert into ApartmentFeatures (featureID, label, value) values (192, 'in_unit_laundry', 'True');
insert into ApartmentFeatures (featureID, label, value) values (193, 'in_unit_laundry', 'False');
insert into ApartmentFeatures (featureID, label, value) values (194, 'in_unit_laundry', 'False');
insert into ApartmentFeatures (featureID, label, value) values (195, 'in_unit_laundry', 'True');
insert into ApartmentFeatures (featureID, label, value) values (196, 'in_unit_laundry', 'False');
insert into ApartmentFeatures (featureID, label, value) values (197, 'in_unit_laundry', 'True');
insert into ApartmentFeatures (featureID, label, value) values (198, 'in_unit_laundry', 'True');
insert into ApartmentFeatures (featureID, label, value) values (199, 'in_unit_laundry', 'False');
insert into ApartmentFeatures (featureID, label, value) values (200, 'in_unit_laundry', 'True');
insert into ApartmentFeatures (featureID, label, value) values (201, 'in_unit_laundry', 'False');
insert into ApartmentFeatures (featureID, label, value) values (202, 'in_unit_laundry', 'True');
insert into ApartmentFeatures (featureID, label, value) values (203, 'in_unit_laundry', 'False');
insert into ApartmentFeatures (featureID, label, value) values (204, 'in_unit_laundry', 'True');
insert into ApartmentFeatures (featureID, label, value) values (205, 'in_unit_laundry', 'True');
insert into ApartmentFeatures (featureID, label, value) values (206, 'in_unit_laundry', 'False');
insert into ApartmentFeatures (featureID, label, value) values (207, 'in_unit_laundry', 'True');
insert into ApartmentFeatures (featureID, label, value) values (208, 'in_unit_laundry', 'False');
insert into ApartmentFeatures (featureID, label, value) values (209, 'in_unit_laundry', 'True');
insert into ApartmentFeatures (featureID, label, value) values (210, 'in_unit_laundry', 'True');
insert into ApartmentFeatures (featureID, label, value) values (211, 'parking', 'True');
insert into ApartmentFeatures (featureID, label, value) values (212, 'parking', 'False');
insert into ApartmentFeatures (featureID, label, value) values (213, 'parking', 'True');
insert into ApartmentFeatures (featureID, label, value) values (214, 'parking', 'True');
insert into ApartmentFeatures (featureID, label, value) values (215, 'parking', 'True');
insert into ApartmentFeatures (featureID, label, value) values (216, 'parking', 'False');
insert into ApartmentFeatures (featureID, label, value) values (217, 'parking', 'False');
insert into ApartmentFeatures (featureID, label, value) values (218, 'parking', 'True');
insert into ApartmentFeatures (featureID, label, value) values (219, 'parking', 'False');
insert into ApartmentFeatures (featureID, label, value) values (220, 'parking', 'True');
insert into ApartmentFeatures (featureID, label, value) values (221, 'parking', 'True');
insert into ApartmentFeatures (featureID, label, value) values (222, 'parking', 'False');
insert into ApartmentFeatures (featureID, label, value) values (223, 'parking', 'True');
insert into ApartmentFeatures (featureID, label, value) values (224, 'parking', 'True');
insert into ApartmentFeatures (featureID, label, value) values (225, 'parking', 'False');
insert into ApartmentFeatures (featureID, label, value) values (226, 'parking', 'True');
insert into ApartmentFeatures (featureID, label, value) values (227, 'parking', 'True');
insert into ApartmentFeatures (featureID, label, value) values (228, 'parking', 'False');
insert into ApartmentFeatures (featureID, label, value) values (229, 'parking', 'True');
insert into ApartmentFeatures (featureID, label, value) values (230, 'parking', 'True');
insert into ApartmentFeatures (featureID, label, value) values (231, 'parking', 'False');
insert into ApartmentFeatures (featureID, label, value) values (232, 'parking', 'False');
insert into ApartmentFeatures (featureID, label, value) values (233, 'parking', 'True');
insert into ApartmentFeatures (featureID, label, value) values (234, 'parking', 'True');
insert into ApartmentFeatures (featureID, label, value) values (235, 'parking', 'False');
insert into ApartmentFeatures (featureID, label, value) values (236, 'parking', 'True');
insert into ApartmentFeatures (featureID, label, value) values (237, 'parking', 'True');
insert into ApartmentFeatures (featureID, label, value) values (238, 'parking', 'False');
insert into ApartmentFeatures (featureID, label, value) values (239, 'parking', 'True');
insert into ApartmentFeatures (featureID, label, value) values (240, 'parking', 'True');
insert into ApartmentFeatures (featureID, label, value) values (241, 'parking', 'True');
insert into ApartmentFeatures (featureID, label, value) values (242, 'parking', 'True');
insert into ApartmentFeatures (featureID, label, value) values (243, 'parking', 'False');
insert into ApartmentFeatures (featureID, label, value) values (244, 'parking', 'True');
insert into ApartmentFeatures (featureID, label, value) values (245, 'parking', 'True');
insert into ApartmentFeatures (featureID, label, value) values (246, 'ac', 'True');
insert into ApartmentFeatures (featureID, label, value) values (247, 'ac', 'True');
insert into ApartmentFeatures (featureID, label, value) values (248, 'ac', 'True');
insert into ApartmentFeatures (featureID, label, value) values (249, 'ac', 'False');
insert into ApartmentFeatures (featureID, label, value) values (250, 'ac', 'True');
insert into ApartmentFeatures (featureID, label, value) values (251, 'ac', 'True');
insert into ApartmentFeatures (featureID, label, value) values (252, 'ac', 'False');
insert into ApartmentFeatures (featureID, label, value) values (253, 'ac', 'True');
insert into ApartmentFeatures (featureID, label, value) values (254, 'ac', 'False');
insert into ApartmentFeatures (featureID, label, value) values (255, 'ac', 'True');
insert into ApartmentFeatures (featureID, label, value) values (256, 'ac', 'True');
insert into ApartmentFeatures (featureID, label, value) values (257, 'ac', 'False');
insert into ApartmentFeatures (featureID, label, value) values (258, 'ac', 'True');
insert into ApartmentFeatures (featureID, label, value) values (259, 'ac', 'True');
insert into ApartmentFeatures (featureID, label, value) values (260, 'ac', 'True');
insert into ApartmentFeatures (featureID, label, value) values (261, 'ac', 'True');
insert into ApartmentFeatures (featureID, label, value) values (262, 'ac', 'True');
insert into ApartmentFeatures (featureID, label, value) values (263, 'ac', 'False');
insert into ApartmentFeatures (featureID, label, value) values (264, 'ac', 'True');
insert into ApartmentFeatures (featureID, label, value) values (265, 'ac', 'True');
insert into ApartmentFeatures (featureID, label, value) values (266, 'ac', 'False');
insert into ApartmentFeatures (featureID, label, value) values (267, 'ac', 'True');
insert into ApartmentFeatures (featureID, label, value) values (268, 'ac', 'True');
insert into ApartmentFeatures (featureID, label, value) values (269, 'ac', 'True');
insert into ApartmentFeatures (featureID, label, value) values (270, 'ac', 'False');
insert into ApartmentFeatures (featureID, label, value) values (271, 'ac', 'True');
insert into ApartmentFeatures (featureID, label, value) values (272, 'ac', 'True');
insert into ApartmentFeatures (featureID, label, value) values (273, 'ac', 'False');
insert into ApartmentFeatures (featureID, label, value) values (274, 'ac', 'True');
insert into ApartmentFeatures (featureID, label, value) values (275, 'ac', 'True');
insert into ApartmentFeatures (featureID, label, value) values (276, 'ac', 'False');
insert into ApartmentFeatures (featureID, label, value) values (277, 'ac', 'True');
insert into ApartmentFeatures (featureID, label, value) values (278, 'ac', 'True');
insert into ApartmentFeatures (featureID, label, value) values (279, 'ac', 'True');
insert into ApartmentFeatures (featureID, label, value) values (280, 'ac', 'True');
insert into ApartmentFeatures (featureID, label, value) values (281, 'max_rent', '2000');
insert into ApartmentFeatures (featureID, label, value) values (282, 'max_rent', '2500');
insert into ApartmentFeatures (featureID, label, value) values (283, 'max_rent', '3000');
insert into ApartmentFeatures (featureID, label, value) values (284, 'max_rent', '3500');
insert into ApartmentFeatures (featureID, label, value) values (285, 'max_rent', '1500');
insert into ApartmentFeatures (featureID, label, value) values (286, 'max_rent', '4000');
insert into ApartmentFeatures (featureID, label, value) values (287, 'max_rent', '1800');
insert into ApartmentFeatures (featureID, label, value) values (288, 'max_rent', '2200');
insert into ApartmentFeatures (featureID, label, value) values (289, 'max_rent', '2800');
insert into ApartmentFeatures (featureID, label, value) values (290, 'max_rent', '3200');

insert into Apartment (apartmentID, unitNumber, neighborhoodID) values (1, '8C', 29);
insert into Apartment (apartmentID, unitNumber, neighborhoodID) values (2, '4D', 5);
insert into Apartment (apartmentID, unitNumber, neighborhoodID) values (3, '9D', 29);
insert into Apartment (apartmentID, unitNumber, neighborhoodID) values (4, '2B', 8);
insert into Apartment (apartmentID, unitNumber, neighborhoodID) values (5, '4A', 11);
insert into Apartment (apartmentID, unitNumber, neighborhoodID) values (6, '1B', 10);
insert into Apartment (apartmentID, unitNumber, neighborhoodID) values (7, '1B', 21);
insert into Apartment (apartmentID, unitNumber, neighborhoodID) values (8, '1A', 17);
insert into Apartment (apartmentID, unitNumber, neighborhoodID) values (9, '5E', 28);
insert into Apartment (apartmentID, unitNumber, neighborhoodID) values (10, '3C', 16);
insert into Apartment (apartmentID, unitNumber, neighborhoodID) values (11, '1A', 10);
insert into Apartment (apartmentID, unitNumber, neighborhoodID) values (12, '3B', 7);
insert into Apartment (apartmentID, unitNumber, neighborhoodID) values (13, '3B', 21);
insert into Apartment (apartmentID, unitNumber, neighborhoodID) values (14, '1A', 22);
insert into Apartment (apartmentID, unitNumber, neighborhoodID) values (15, '7B', 8);
insert into Apartment (apartmentID, unitNumber, neighborhoodID) values (16, '8C', 6);
insert into Apartment (apartmentID, unitNumber, neighborhoodID) values (17, '4D', 9);
insert into Apartment (apartmentID, unitNumber, neighborhoodID) values (18, '2B', 27);
insert into Apartment (apartmentID, unitNumber, neighborhoodID) values (19, '2A', 19);
insert into Apartment (apartmentID, unitNumber, neighborhoodID) values (20, '3B', 2);
insert into Apartment (apartmentID, unitNumber, neighborhoodID) values (21, '5E', 14);
insert into Apartment (apartmentID, unitNumber, neighborhoodID) values (22, '3B', 10);
insert into Apartment (apartmentID, unitNumber, neighborhoodID) values (23, '2B', 2);
insert into Apartment (apartmentID, unitNumber, neighborhoodID) values (24, '10E', 18);
insert into Apartment (apartmentID, unitNumber, neighborhoodID) values (25, '6A', 25);
insert into Apartment (apartmentID, unitNumber, neighborhoodID) values (26, '9D', 21);
insert into Apartment (apartmentID, unitNumber, neighborhoodID) values (27, '6A', 16);
insert into Apartment (apartmentID, unitNumber, neighborhoodID) values (28, '6A', 3);
insert into Apartment (apartmentID, unitNumber, neighborhoodID) values (29, '4A', 8);
insert into Apartment (apartmentID, unitNumber, neighborhoodID) values (30, '5B', 18);
insert into Apartment (apartmentID, unitNumber, neighborhoodID) values (31, '3C', 10);
insert into Apartment (apartmentID, unitNumber, neighborhoodID) values (32, '2A', 19);
insert into Apartment (apartmentID, unitNumber, neighborhoodID) values (33, '7B', 8);
insert into Apartment (apartmentID, unitNumber, neighborhoodID) values (34, '8C', 19);
insert into Apartment (apartmentID, unitNumber, neighborhoodID) values (35, '2B', 1);


insert into Landlord (landlordID, userID, firstName, lastName, email, phone, isVerified, joinedDate) values (1, 18, 'Lamar', 'Hustler', 'lhustler0@theglobeandmail.com', '246-895-5675', 0, '2021-09-30');
insert into Landlord (landlordID, userID, firstName, lastName, email, phone, isVerified, joinedDate) values (2, 21, 'Valeda', 'Essam', 'vessam1@godaddy.com', '475-750-0969', 1, '2023-03-12');
insert into Landlord (landlordID, userID, firstName, lastName, email, phone, isVerified, joinedDate) values (3, 17, 'Neala', 'Donnell', 'ndonnell2@rediff.com', '224-694-7026', 0, '2020-09-18');
insert into Landlord (landlordID, userID, firstName, lastName, email, phone, isVerified, joinedDate) values (4, 39, 'Missie', 'O''Tuohy', 'motuohy3@miibeian.gov.cn', '413-745-6968', 0, '2020-11-27');
insert into Landlord (landlordID, userID, firstName, lastName, email, phone, isVerified, joinedDate) values (5, 40, 'Arnoldo', 'Arnout', 'aarnout4@rediff.com', '659-164-4952', 0, '2023-09-19');
insert into Landlord (landlordID, userID, firstName, lastName, email, phone, isVerified, joinedDate) values (6, 27, 'Josie', 'Radnedge', 'jradnedge5@forbes.com', '844-293-5060', 1, '2022-02-04');
insert into Landlord (landlordID, userID, firstName, lastName, email, phone, isVerified, joinedDate) values (7, 34, 'Humfrid', 'Dibb', 'hdibb6@gravatar.com', '188-990-3970', 1, '2023-10-08');
insert into Landlord (landlordID, userID, firstName, lastName, email, phone, isVerified, joinedDate) values (8, 18, 'Elisha', 'Varran', 'evarran7@harvard.edu', '482-584-2647', 1, '2020-02-22');
insert into Landlord (landlordID, userID, firstName, lastName, email, phone, isVerified, joinedDate) values (9, 10, 'Trueman', 'Daniels', 'tdaniels8@cisco.com', '568-423-1830', 0, '2021-12-24');
insert into Landlord (landlordID, userID, firstName, lastName, email, phone, isVerified, joinedDate) values (10, 8, 'Allie', 'Kettlestringe', 'akettlestringe9@twitpic.com', '819-247-5750', 0, '2021-01-05');
insert into Landlord (landlordID, userID, firstName, lastName, email, phone, isVerified, joinedDate) values (11, 37, 'Roldan', 'Chattey', 'rchatteya@mysql.com', '243-644-5319', 1, '2022-06-16');
insert into Landlord (landlordID, userID, firstName, lastName, email, phone, isVerified, joinedDate) values (12, 7, 'Odell', 'McAless', 'omcalessb@t.co', '527-655-8550', 0, '2020-11-12');
insert into Landlord (landlordID, userID, firstName, lastName, email, phone, isVerified, joinedDate) values (13, 7, 'Madelene', 'Brettel', 'mbrettelc@abc.net.au', '269-328-5318', 0, '2020-04-01');
insert into Landlord (landlordID, userID, firstName, lastName, email, phone, isVerified, joinedDate) values (14, 30, 'Yolane', 'Lumber', 'ylumberd@harvard.edu', '860-968-9347', 1, '2020-09-30');
insert into Landlord (landlordID, userID, firstName, lastName, email, phone, isVerified, joinedDate) values (15, 12, 'Orel', 'Manderson', 'omandersone@businessweek.com', '980-531-4271', 1, '2021-04-28');
insert into Landlord (landlordID, userID, firstName, lastName, email, phone, isVerified, joinedDate) values (16, 31, 'Katleen', 'Buney', 'kbuneyf@liveinternet.ru', '762-753-2471', 1, '2023-09-28');
insert into Landlord (landlordID, userID, firstName, lastName, email, phone, isVerified, joinedDate) values (17, 39, 'Martynne', 'Gordon-Giles', 'mgordongilesg@netscape.com', '305-570-6619', 1, '2020-01-11');
insert into Landlord (landlordID, userID, firstName, lastName, email, phone, isVerified, joinedDate) values (18, 7, 'Rudolph', 'Iacivelli', 'riacivellih@meetup.com', '425-693-6227', 1, '2023-07-12');
insert into Landlord (landlordID, userID, firstName, lastName, email, phone, isVerified, joinedDate) values (19, 15, 'Farlie', 'Bleackly', 'fbleacklyi@reference.com', '601-935-5796', 1, '2022-08-04');
insert into Landlord (landlordID, userID, firstName, lastName, email, phone, isVerified, joinedDate) values (20, 6, 'Kimberlyn', 'Maciejak', 'kmaciejakj@163.com', '713-419-7710', 1, '2021-10-10');
insert into Landlord (landlordID, userID, firstName, lastName, email, phone, isVerified, joinedDate) values (21, 11, 'Kaja', 'Jerams', 'kjeramsk@ihg.com', '837-986-7083', 0, '2021-07-16');
insert into Landlord (landlordID, userID, firstName, lastName, email, phone, isVerified, joinedDate) values (22, 34, 'Pennie', 'Revens', 'prevensl@webnode.com', '749-707-5398', 1, '2023-07-26');
insert into Landlord (landlordID, userID, firstName, lastName, email, phone, isVerified, joinedDate) values (23, 15, 'Ann-marie', 'Knibley', 'aknibleym@gnu.org', '357-253-3212', 0, '2021-06-27');
insert into Landlord (landlordID, userID, firstName, lastName, email, phone, isVerified, joinedDate) values (24, 5, 'Pamelina', 'Wikey', 'pwikeyn@huffingtonpost.com', '740-276-2198', 1, '2021-05-06');
insert into Landlord (landlordID, userID, firstName, lastName, email, phone, isVerified, joinedDate) values (25, 17, 'Alix', 'Kitchenham', 'akitchenhamo@cnbc.com', '826-746-1055', 1, '2021-04-17');
insert into Landlord (landlordID, userID, firstName, lastName, email, phone, isVerified, joinedDate) values (26, 1, 'Salome', 'Capper', 'scapperp@networksolutions.com', '482-555-1133', 1, '2022-09-22');
insert into Landlord (landlordID, userID, firstName, lastName, email, phone, isVerified, joinedDate) values (27, 35, 'Emanuel', 'Duckels', 'educkelsq@netvibes.com', '589-151-4342', 1, '2020-11-05');
insert into Landlord (landlordID, userID, firstName, lastName, email, phone, isVerified, joinedDate) values (28, 38, 'Eliot', 'Blofield', 'eblofieldr@businessweek.com', '742-343-4336', 0, '2020-12-01');
insert into Landlord (landlordID, userID, firstName, lastName, email, phone, isVerified, joinedDate) values (29, 34, 'Pepillo', 'Dymocke', 'pdymockes@mapquest.com', '683-991-9869', 1, '2023-01-29');
insert into Landlord (landlordID, userID, firstName, lastName, email, phone, isVerified, joinedDate) values (30, 37, 'Hamil', 'Spark', 'hsparkt@wix.com', '807-367-5415', 1, '2020-08-26');

insert into Broker (brokerID, userID, brokerName, brokerPhone, brokerEmail) values (1, 35, 'Dore Eade', '466-672-7185', 'deade0@google.nl');
insert into Broker (brokerID, userID, brokerName, brokerPhone, brokerEmail) values (2, 21, 'Ermin Mattiessen', '907-613-9057', 'emattiessen1@deviantart.com');
insert into Broker (brokerID, userID, brokerName, brokerPhone, brokerEmail) values (3, 21, 'Afton Abadam', '175-313-7988', 'aabadam2@disqus.com');
insert into Broker (brokerID, userID, brokerName, brokerPhone, brokerEmail) values (4, 8, 'Brodie Cassella', '683-463-8124', 'bcassella3@bloglovin.com');
insert into Broker (brokerID, userID, brokerName, brokerPhone, brokerEmail) values (5, 40, 'Travis Ranyard', '830-734-1068', 'tranyard4@wufoo.com');
insert into Broker (brokerID, userID, brokerName, brokerPhone, brokerEmail) values (6, 40, 'Jerrilee Carss', '142-821-8109', 'jcarss5@mashable.com');
insert into Broker (brokerID, userID, brokerName, brokerPhone, brokerEmail) values (7, 2, 'Earvin Jurges', '598-370-3062', 'ejurges6@java.com');
insert into Broker (brokerID, userID, brokerName, brokerPhone, brokerEmail) values (8, 11, 'Letisha Teager', '196-814-6744', 'lteager7@hc360.com');
insert into Broker (brokerID, userID, brokerName, brokerPhone, brokerEmail) values (9, 32, 'Husain Howford', '291-857-1597', 'hhowford8@newyorker.com');
insert into Broker (brokerID, userID, brokerName, brokerPhone, brokerEmail) values (10, 14, 'Crista Matyushenko', '486-906-1737', 'cmatyushenko9@twitpic.com');
insert into Broker (brokerID, userID, brokerName, brokerPhone, brokerEmail) values (11, 23, 'Rafaelita Tait', '905-911-4456', 'rtaita@chronoengine.com');
insert into Broker (brokerID, userID, brokerName, brokerPhone, brokerEmail) values (12, 15, 'Jenny Baptista', '998-720-2019', 'jbaptistab@arizona.edu');
insert into Broker (brokerID, userID, brokerName, brokerPhone, brokerEmail) values (13, 18, 'Elli Reddecliffe', '358-797-8602', 'ereddecliffec@yahoo.co.jp');
insert into Broker (brokerID, userID, brokerName, brokerPhone, brokerEmail) values (14, 34, 'Etan Coiley', '959-929-2427', 'ecoileyd@blogger.com');
insert into Broker (brokerID, userID, brokerName, brokerPhone, brokerEmail) values (15, 39, 'Jolene Wishkar', '887-454-5516', 'jwishkare@mtv.com');
insert into Broker (brokerID, userID, brokerName, brokerPhone, brokerEmail) values (16, 39, 'Farica Skippon', '421-169-9223', 'fskipponf@cafepress.com');
insert into Broker (brokerID, userID, brokerName, brokerPhone, brokerEmail) values (17, 32, 'Giffard Ashard', '710-203-7340', 'gashardg@narod.ru');
insert into Broker (brokerID, userID, brokerName, brokerPhone, brokerEmail) values (18, 4, 'Humphrey Girone', '178-733-5223', 'hgironeh@vistaprint.com');
insert into Broker (brokerID, userID, brokerName, brokerPhone, brokerEmail) values (19, 24, 'Marthena Sappell', '649-394-2863', 'msappelli@people.com.cn');
insert into Broker (brokerID, userID, brokerName, brokerPhone, brokerEmail) values (20, 22, 'Aura Richens', '195-372-2143', 'arichensj@gmpg.org');
insert into Broker (brokerID, userID, brokerName, brokerPhone, brokerEmail) values (21, 37, 'Ava Lissett', '307-334-5708', 'alissettk@mayoclinic.com');
insert into Broker (brokerID, userID, brokerName, brokerPhone, brokerEmail) values (22, 18, 'Jeff Blonden', '597-948-4708', 'jblondenl@t-online.de');
insert into Broker (brokerID, userID, brokerName, brokerPhone, brokerEmail) values (23, 36, 'Lucille Kenington', '818-893-6347', 'lkeningtonm@163.com');
insert into Broker (brokerID, userID, brokerName, brokerPhone, brokerEmail) values (24, 15, 'Brander Lytlle', '853-559-8456', 'blytllen@issuu.com');
insert into Broker (brokerID, userID, brokerName, brokerPhone, brokerEmail) values (25, 27, 'Aymer Baigrie', '771-673-6545', 'abaigrieo@google.es');
insert into Broker (brokerID, userID, brokerName, brokerPhone, brokerEmail) values (26, 37, 'Barclay Duddle', '241-514-8934', 'bduddlep@ocn.ne.jp');
insert into Broker (brokerID, userID, brokerName, brokerPhone, brokerEmail) values (27, 14, 'Augusta Dowson', '311-359-4203', 'adowsonq@hexun.com');
insert into Broker (brokerID, userID, brokerName, brokerPhone, brokerEmail) values (28, 32, 'Palmer Baglin', '228-268-9131', 'pbaglinr@ustream.tv');
insert into Broker (brokerID, userID, brokerName, brokerPhone, brokerEmail) values (29, 21, 'Karrah Olivella', '787-264-9414', 'kolivellas@fastcompany.com');
insert into Broker (brokerID, userID, brokerName, brokerPhone, brokerEmail) values (30, 30, 'Rickie Mellings', '981-153-8980', 'rmellingst@ft.com');


insert into Renter (renterID, userID, firstName, lastName, email, phoneNumber, schoolName, income) values (1, 40, 'Elena', 'Biasotti', 'ebiasotti0@ebay.com', '905-545-8955', 'Tufts University', 117926.32);
insert into Renter (renterID, userID, firstName, lastName, email, phoneNumber, schoolName, income) values (2, 14, 'Carlos', 'Dunklee', 'cdunklee1@amazon.co.jp', '858-671-2080', 'Boston College', 24737.68);
insert into Renter (renterID, userID, firstName, lastName, email, phoneNumber, schoolName, income) values (3, 30, 'Uma', 'Lumox', 'ulumox2@reddit.com', '779-547-5904', 'Suffolk University', 36725.63);
insert into Renter (renterID, userID, firstName, lastName, email, phoneNumber, schoolName, income) values (4, 9, 'Marco', 'Gorioli', 'mgorioli3@skyrock.com', '394-176-5280', 'Boston College', 57881.49);
insert into Renter (renterID, userID, firstName, lastName, email, phoneNumber, schoolName, income) values (5, 6, 'Lena', 'Hellewell', 'lhellewell4@deviantart.com', '328-730-8466', 'Northeastern University', 108499.87);
insert into Renter (renterID, userID, firstName, lastName, email, phoneNumber, schoolName, income) values (6, 39, 'Tara', 'Posner', 'tposner5@nhs.uk', '685-416-7311', 'Tufts University', 61813.6);
insert into Renter (renterID, userID, firstName, lastName, email, phoneNumber, schoolName, income) values (7, 30, 'Derek', 'Mathelon', 'dmathelon6@scribd.com', '964-670-0247', 'Emerson College', 64900.44);
insert into Renter (renterID, userID, firstName, lastName, email, phoneNumber, schoolName, income) values (8, 40, 'Mia', 'Gepp', 'mgepp7@bbc.co.uk', '355-963-3447', 'Tufts University', 72444.57);
insert into Renter (renterID, userID, firstName, lastName, email, phoneNumber, schoolName, income) values (9, 12, 'Evan', 'Murdy', 'emurdy8@google.it', '219-753-5091', 'Boston College', 78216.35);
insert into Renter (renterID, userID, firstName, lastName, email, phoneNumber, schoolName, income) values (10, 40, 'Rachel', 'Mehaffey', 'rmehaffey9@businessinsider.com', '325-776-1289', 'Harvard University', 75159.27);
insert into Renter (renterID, userID, firstName, lastName, email, phoneNumber, schoolName, income) values (11, 3, 'Diana', 'Havile', 'dhavilea@php.net', '583-198-4665', 'Harvard University', 100716.61);
insert into Renter (renterID, userID, firstName, lastName, email, phoneNumber, schoolName, income) values (12, 28, 'Simon', 'Server', 'sserverb@youtube.com', '471-630-5523', 'Tufts University', 70599.05);
insert into Renter (renterID, userID, firstName, lastName, email, phoneNumber, schoolName, income) values (13, 31, 'Nina', 'Matts', 'nmattsc@deviantart.com', '758-160-9228', 'Tufts University', 66959.24);
insert into Renter (renterID, userID, firstName, lastName, email, phoneNumber, schoolName, income) values (14, 36, 'David', 'Wetherick', 'dwetherickd@sfgate.com', '121-927-7958', 'Northeastern University', 52370.54);
insert into Renter (renterID, userID, firstName, lastName, email, phoneNumber, schoolName, income) values (15, 37, 'Aiko', 'Beamond', 'abeamonde@biglobe.ne.jp', '168-384-2696', 'Northeastern University', 44208.49);
insert into Renter (renterID, userID, firstName, lastName, email, phoneNumber, schoolName, income) values (16, 30, 'Ava', 'Tingle', 'atinglef@themeforest.net', '716-231-1618', 'Emerson College', 41384.42);
insert into Renter (renterID, userID, firstName, lastName, email, phoneNumber, schoolName, income) values (17, 4, 'Miguel', 'Edy', 'medyg@ehow.com', '861-121-7437', 'Boston University', 45360.07);
insert into Renter (renterID, userID, firstName, lastName, email, phoneNumber, schoolName, income) values (18, 6, 'Nora', 'Eslie', 'neslieh@ucoz.ru', '108-959-9053', 'Boston College', 88093.19);
insert into Renter (renterID, userID, firstName, lastName, email, phoneNumber, schoolName, income) values (19, 15, 'Tyler', 'Stanbury', 'tstanburyi@cafepress.com', '936-581-4713', 'Boston College', 41836.12);
insert into Renter (renterID, userID, firstName, lastName, email, phoneNumber, schoolName, income) values (20, 29, 'Violet', 'McClary', 'vmcclaryj@gmpg.org', '189-347-9288', 'Boston University', 104378.83);
insert into Renter (renterID, userID, firstName, lastName, email, phoneNumber, schoolName, income) values (21, 10, 'Aiden', 'Mungan', 'amungank@cdc.gov', '355-980-1925', 'Boston College', 74741.24);
insert into Renter (renterID, userID, firstName, lastName, email, phoneNumber, schoolName, income) values (22, 22, 'Ethan', 'Tezure', 'etezurel@phpbb.com', '322-525-0830', 'Boston College', 109769.66);
insert into Renter (renterID, userID, firstName, lastName, email, phoneNumber, schoolName, income) values (23, 15, 'Maya', 'Heminsley', 'mheminsleym@icio.us', '747-763-6234', 'MIT', 65207.83);
insert into Renter (renterID, userID, firstName, lastName, email, phoneNumber, schoolName, income) values (24, 10, 'Sophie', 'Shires', 'sshiresn@gizmodo.com', '659-793-1213', 'Boston University', 80697.58);
insert into Renter (renterID, userID, firstName, lastName, email, phoneNumber, schoolName, income) values (25, 28, 'James', 'Gilkison', 'jgilkisono@rambler.ru', '198-208-9701', 'Harvard University', 39814.98);
insert into Renter (renterID, userID, firstName, lastName, email, phoneNumber, schoolName, income) values (26, 8, 'Clara', 'Folkerd', 'cfolkerdp@free.fr', '298-621-8838', 'Northeastern University', 41903.29);
insert into Renter (renterID, userID, firstName, lastName, email, phoneNumber, schoolName, income) values (27, 8, 'Marcus', 'Duley', 'mduleyq@flavors.me', '671-285-6779', 'Boston College', 50436.72);
insert into Renter (renterID, userID, firstName, lastName, email, phoneNumber, schoolName, income) values (28, 18, 'Theo', 'Suller', 'tsullerr@exblog.jp', '696-598-8244', 'MIT', 72235.91);
insert into Renter (renterID, userID, firstName, lastName, email, phoneNumber, schoolName, income) values (29, 37, 'Grace', 'Corzon', 'gcorzons@wordpress.com', '471-568-0188', 'Suffolk University', 71833.26);
insert into Renter (renterID, userID, firstName, lastName, email, phoneNumber, schoolName, income) values (30, 6, 'Jordan', 'Barr', 'jbarrt@cam.ac.uk', '618-951-3470', 'Suffolk University', 86527.16);
insert into Renter (renterID, userID, firstName, lastName, email, phoneNumber, schoolName, income) values (31, 20, 'Julia', 'Giamelli', 'jgiamelliu@marketwatch.com', '515-958-3234', 'MIT', 41154.29);
insert into Renter (renterID, userID, firstName, lastName, email, phoneNumber, schoolName, income) values (32, 1, 'Quinn', 'Hoonahan', 'qhoonahanv@springer.com', '382-768-7928', 'Emerson College', 61997.04);
insert into Renter (renterID, userID, firstName, lastName, email, phoneNumber, schoolName, income) values (33, 14, 'Samuel', 'Searcher', 'drsearch@blog.com', '879-282-9106', 'Tufts University', 117590.33);
insert into Renter (renterID, userID, firstName, lastName, email, phoneNumber, schoolName, income) values (34, 23, 'Natalie', 'Lobell', 'nlobellx@salon.com', '103-538-0225', 'Boston College', 50534.24);
insert into Renter (renterID, userID, firstName, lastName, email, phoneNumber, schoolName, income) values (35, 32, 'Daniel', 'Cawthry', 'dcawthryy@furl.net', '883-406-7894', 'Boston University', 80306.19);


insert into Admin (adminID, userID, adminName, adminEmail, roleTitle) values (1, 11, 'Sienna Garrison', 'sienna@gravatar.com', 'Platform Administrator');
insert into Admin (adminID, userID, adminName, adminEmail, roleTitle) values (2, 32, 'Cori Voysey', 'cvoysey1@hostgator.com', 'Data Moderator');
insert into Admin (adminID, userID, adminName, adminEmail, roleTitle) values (3, 4, 'Mack Grolmann', 'mgrolmann2@unc.edu', 'Data Moderator');
insert into Admin (adminID, userID, adminName, adminEmail, roleTitle) values (4, 14, 'Ciel Thulborn', 'cthulborn3@wikipedia.org', 'Data Moderator');
insert into Admin (adminID, userID, adminName, adminEmail, roleTitle) values (5, 13, 'Ainslie Joriot', 'ajoriot4@ezinearticles.com', 'Data Moderator');
insert into Admin (adminID, userID, adminName, adminEmail, roleTitle) values (6, 4, 'Morey Marple', 'mmarple5@diigo.com', 'Platform Administrator');
insert into Admin (adminID, userID, adminName, adminEmail, roleTitle) values (7, 16, 'Debera Werrilow', 'dwerrilow6@chronoengine.com', 'Content Reviewer');
insert into Admin (adminID, userID, adminName, adminEmail, roleTitle) values (8, 33, 'Adelle Henbury', 'ahenbury7@diigo.com', 'Data Moderator');
insert into Admin (adminID, userID, adminName, adminEmail, roleTitle) values (9, 31, 'Carri Garley', 'cgarley8@mlb.com', 'Content Reviewer');
insert into Admin (adminID, userID, adminName, adminEmail, roleTitle) values (10, 23, 'Francoise Greenstock', 'fgreenstock9@vkontakte.ru', 'Content Reviewer');

insert into Listing (listingID, apartmentID, landlordID, brokerID, renterID, title, availableDate, status, cosignerName, brokerFee) values (1, 28, 25, 21, 33, 'Sunny 2BR near Maple Grove', '2026-06-13', 'available', 'Rycca Greatex', 1289.18);
insert into Listing (listingID, apartmentID, landlordID, brokerID, renterID, title, availableDate, status, cosignerName, brokerFee) values (2, 34, 12, 2, 21, 'Cozy Studio in Cedar Ridge', '2025-09-25', 'rented', 'Di Schindler', 1905.2);
insert into Listing (listingID, apartmentID, landlordID, brokerID, renterID, title, availableDate, status, cosignerName, brokerFee) values (3, 16, 12, 20, 17, 'Spacious 1BR with Balcony', '2025-03-11', 'rented', null, 1779.53);
insert into Listing (listingID, apartmentID, landlordID, brokerID, renterID, title, availableDate, status, cosignerName, brokerFee) values (4, 19, 5, 29, 1, 'Modern 3BR Loft Downtown', '2025-01-07', 'archived', null, 2513.92);
insert into Listing (listingID, apartmentID, landlordID, brokerID, renterID, title, availableDate, status, cosignerName, brokerFee) values (5, 4, 8, 25, 28, 'Charming Apt near Campus', '2025-04-04', 'archived', 'Amandie Ribou', 1526.67);
insert into Listing (listingID, apartmentID, landlordID, brokerID, renterID, title, availableDate, status, cosignerName, brokerFee) values (6, 3, 1, 9, 17, 'Bright Corner Unit with Views', '2025-02-14', 'available', null, 2595.18);
insert into Listing (listingID, apartmentID, landlordID, brokerID, renterID, title, availableDate, status, cosignerName, brokerFee) values (7, 26, 15, 22, 30, 'Renovated 2BR Pet Friendly', '2026-05-26', 'archived', null, 532.07);
insert into Listing (listingID, apartmentID, landlordID, brokerID, renterID, title, availableDate, status, cosignerName, brokerFee) values (8, 12, 2, 19, 29, 'Affordable Studio near T Stop', '2025-04-26', 'rented', null, 2782.76);
insert into Listing (listingID, apartmentID, landlordID, brokerID, renterID, title, availableDate, status, cosignerName, brokerFee) values (9, 12, 7, 23, 11, 'Luxury 1BR with Gym Access', '2025-03-13', 'archived', 'Mirabella Loveitt', 1756.17);
insert into Listing (listingID, apartmentID, landlordID, brokerID, renterID, title, availableDate, status, cosignerName, brokerFee) values (10, 6, 26, 30, 7, 'Quiet 2BR in Willow Park', '2025-06-23', 'inactive', null, 779.3);
insert into Listing (listingID, apartmentID, landlordID, brokerID, renterID, title, availableDate, status, cosignerName, brokerFee) values (11, 35, 18, 11, 29, 'Stylish Studio with Rooftop Deck', '2025-06-25', 'rented', null, 1820.38);
insert into Listing (listingID, apartmentID, landlordID, brokerID, renterID, title, availableDate, status, cosignerName, brokerFee) values (12, 3, 6, 17, 29, 'Freshly Painted 1BR near Library', '2025-12-02', 'archived', null, 722.91);
insert into Listing (listingID, apartmentID, landlordID, brokerID, renterID, title, availableDate, status, cosignerName, brokerFee) values (13, 10, 22, 20, 25, 'Sunny 3BR Townhouse with Yard', '2025-04-15', 'rented', 'Hercule Ellingford', 2476.45);
insert into Listing (listingID, apartmentID, landlordID, brokerID, renterID, title, availableDate, status, cosignerName, brokerFee) values (14, 21, 8, 13, 33, 'Cozy 1BR near Coffee Row', '2025-12-29', 'rented', null, 1265.65);
insert into Listing (listingID, apartmentID, landlordID, brokerID, renterID, title, availableDate, status, cosignerName, brokerFee) values (15, 6, 7, 19, 26, 'Open-Concept 2BR with Laundry', '2026-05-12', 'available', null, 2383.13);
insert into Listing (listingID, apartmentID, landlordID, brokerID, renterID, title, availableDate, status, cosignerName, brokerFee) values (16, 20, 2, 5, 2, 'Budget-Friendly Studio on Elm St', '2025-11-13', 'available', 'Josephine Shwenn', 690.53);
insert into Listing (listingID, apartmentID, landlordID, brokerID, renterID, title, availableDate, status, cosignerName, brokerFee) values (17, 16, 30, 6, 25, 'Elegant 2BR in Historic District', '2025-04-19', 'rented', 'Ervin Hammerstone', 2110.98);
insert into Listing (listingID, apartmentID, landlordID, brokerID, renterID, title, availableDate, status, cosignerName, brokerFee) values (18, 8, 21, 4, 13, 'Furnished Studio Steps to Campus', '2025-02-13', 'inactive', 'Engracia Reiglar', 1221.77);
insert into Listing (listingID, apartmentID, landlordID, brokerID, renterID, title, availableDate, status, cosignerName, brokerFee) values (19, 5, 8, 25, 4, 'Spacious 3BR with Parking Spot', '2025-07-12', 'available', 'Ole Stanning', 2541.94);
insert into Listing (listingID, apartmentID, landlordID, brokerID, renterID, title, availableDate, status, cosignerName, brokerFee) values (20, 6, 6, 21, 20, 'Light-Filled 1BR in Birch Lane', '2025-04-04', 'rented', null, 1647.3);
insert into Listing (listingID, apartmentID, landlordID, brokerID, renterID, title, availableDate, status, cosignerName, brokerFee) values (21, 6, 26, 12, 21, 'Updated 2BR with Dishwasher', '2025-05-26', 'archived', 'Teresita Bearham', 2005.2);
insert into Listing (listingID, apartmentID, landlordID, brokerID, renterID, title, availableDate, status, cosignerName, brokerFee) values (22, 11, 17, 27, 1, 'Modern Studio in Oak Hill', '2026-07-10', 'archived', 'Ewart Staley', 2315.35);
insert into Listing (listingID, apartmentID, landlordID, brokerID, renterID, title, availableDate, status, cosignerName, brokerFee) values (23, 10, 18, 4, 27, 'Bright 1BR with Hardwood Floors', '2026-02-10', 'rented', null, 749.43);
insert into Listing (listingID, apartmentID, landlordID, brokerID, renterID, title, availableDate, status, cosignerName, brokerFee) values (24, 4, 3, 9, 21, 'Charming 2BR near Riverfront', '2025-02-14', 'rented', 'Theobald Bloodworthe', 952.73);
insert into Listing (listingID, apartmentID, landlordID, brokerID, renterID, title, availableDate, status, cosignerName, brokerFee) values (25, 16, 10, 10, 33, 'Compact Studio with Utilities Incl', '2025-03-28', 'inactive', null, 2091.17);
insert into Listing (listingID, apartmentID, landlordID, brokerID, renterID, title, availableDate, status, cosignerName, brokerFee) values (26, 1, 21, 18, 30, 'Airy 3BR near Sunset Park', '2026-11-04', 'inactive', 'Daron Caddie', 1359.09);
insert into Listing (listingID, apartmentID, landlordID, brokerID, renterID, title, availableDate, status, cosignerName, brokerFee) values (27, 28, 17, 27, 2, 'Renovated 1BR with AC and Heat', '2025-02-08', 'inactive', null, 1791.91);
insert into Listing (listingID, apartmentID, landlordID, brokerID, renterID, title, availableDate, status, cosignerName, brokerFee) values (28, 8, 13, 6, 13, 'Sunny Studio in College Quarter', '2026-08-13', 'available', 'Hastie Seyers', 2374.92);
insert into Listing (listingID, apartmentID, landlordID, brokerID, renterID, title, availableDate, status, cosignerName, brokerFee) values (29, 6, 21, 16, 26, 'Spacious 2BR with Bay Windows', '2026-08-09', 'available', 'Kerrill McIlriach', 541.35);
insert into Listing (listingID, apartmentID, landlordID, brokerID, renterID, title, availableDate, status, cosignerName, brokerFee) values (30, 25, 28, 5, 27, 'Pet-Friendly 1BR on Pine Ave', '2025-06-29', 'available', 'Eben Durber', 824.45);
insert into Listing (listingID, apartmentID, landlordID, brokerID, renterID, title, availableDate, status, cosignerName, brokerFee) values (31, 35, 18, 12, 26, 'Affordable 2BR near Bus Line', '2025-08-20', 'archived', 'Teddie Jeakins', 1098.95);
insert into Listing (listingID, apartmentID, landlordID, brokerID, renterID, title, availableDate, status, cosignerName, brokerFee) values (32, 28, 19, 25, 1, 'Top-Floor 3BR with Skyline Views', '2026-10-28', 'inactive', 'Janka Jewkes', 1911.03);
insert into Listing (listingID, apartmentID, landlordID, brokerID, renterID, title, availableDate, status, cosignerName, brokerFee) values (33, 16, 18, 29, 6, 'Cozy Studio off Harvard Square', '2026-10-18', 'archived', 'Eachelle Brende', 1554.16);
insert into Listing (listingID, apartmentID, landlordID, brokerID, renterID, title, availableDate, status, cosignerName, brokerFee) values (34, 19, 6, 14, 15, 'Modern 1BR with Walk-In Closet', '2025-11-26', 'available', 'Virginia Ricket', 2448.53);
insert into Listing (listingID, apartmentID, landlordID, brokerID, renterID, title, availableDate, status, cosignerName, brokerFee) values (35, 27, 30, 24, 7, 'Bright 2BR near Farmer Market', '2026-02-18', 'available', 'Ardene Hurst', 527.33);
insert into Listing (listingID, apartmentID, landlordID, brokerID, renterID, title, availableDate, status, cosignerName, brokerFee) values (36, 23, 23, 25, 29, 'Newly Renovated 3BR Duplex', '2026-02-21', 'rented', null, 1897.46);
insert into Listing (listingID, apartmentID, landlordID, brokerID, renterID, title, availableDate, status, cosignerName, brokerFee) values (37, 27, 1, 16, 30, 'Warm 1BR in Brookside Village', '2025-11-05', 'rented', null, 1883.67);
insert into Listing (listingID, apartmentID, landlordID, brokerID, renterID, title, availableDate, status, cosignerName, brokerFee) values (38, 2, 6, 19, 13, 'Clean Studio with Kitchenette', '2025-05-02', 'inactive', null, 1666.15);
insert into Listing (listingID, apartmentID, landlordID, brokerID, renterID, title, availableDate, status, cosignerName, brokerFee) values (39, 33, 9, 21, 28, 'Lofted 2BR near Arts District', '2025-12-12', 'inactive', 'Galvan Ellwand', 707.87);
insert into Listing (listingID, apartmentID, landlordID, brokerID, renterID, title, availableDate, status, cosignerName, brokerFee) values (40, 29, 23, 23, 24, 'Spacious 1BR with In-Unit Laundry', '2025-08-11', 'available', null, 2174.91);
insert into Listing (listingID, apartmentID, landlordID, brokerID, renterID, title, availableDate, status, cosignerName, brokerFee) values (41, 30, 10, 25, 17, 'Affordable 3BR near Community Park', '2025-06-24', 'inactive', null, 1080.23);
insert into Listing (listingID, apartmentID, landlordID, brokerID, renterID, title, availableDate, status, cosignerName, brokerFee) values (42, 22, 12, 12, 31, 'Vintage 2BR with Original Details', '2025-04-13', 'archived', 'Aeriell Navarijo', 692.37);
insert into Listing (listingID, apartmentID, landlordID, brokerID, renterID, title, availableDate, status, cosignerName, brokerFee) values (43, 20, 21, 25, 10, 'Sunny Studio near Greenway Trail', '2025-05-16', 'rented', 'Colby Church', 2533.3);
insert into Listing (listingID, apartmentID, landlordID, brokerID, renterID, title, availableDate, status, cosignerName, brokerFee) values (44, 29, 5, 15, 19, 'Quiet 1BR with Private Entrance', '2025-02-26', 'available', null, 1638.05);
insert into Listing (listingID, apartmentID, landlordID, brokerID, renterID, title, availableDate, status, cosignerName, brokerFee) values (45, 14, 15, 19, 22, 'Classic 2BR on Chestnut Street', '2025-03-09', 'archived', 'Eloisa Prinnett', 1950.91);
insert into Listing (listingID, apartmentID, landlordID, brokerID, renterID, title, availableDate, status, cosignerName, brokerFee) values (46, 20, 12, 20, 9, 'Luxury 3BR Penthouse with Terrace', '2026-01-09', 'archived', 'Ysabel Spooner', 2991.45);
insert into Listing (listingID, apartmentID, landlordID, brokerID, renterID, title, availableDate, status, cosignerName, brokerFee) values (47, 7, 28, 4, 28, 'Cheerful 1BR near Bookstore Row', '2026-11-01', 'available', 'Alexa Shaul', 2950.9);
insert into Listing (listingID, apartmentID, landlordID, brokerID, renterID, title, availableDate, status, cosignerName, brokerFee) values (48, 15, 22, 24, 31, 'Sleek Studio with City Views', '2026-07-07', 'inactive', null, 1735.28);
insert into Listing (listingID, apartmentID, landlordID, brokerID, renterID, title, availableDate, status, cosignerName, brokerFee) values (49, 34, 18, 20, 9, 'Remodeled 2BR with Granite Counters', '2025-01-31', 'archived', 'Glenn Dawbery', 572.26);
insert into Listing (listingID, apartmentID, landlordID, brokerID, renterID, title, availableDate, status, cosignerName, brokerFee) values (50, 10, 28, 25, 26, 'Bright 3BR near Student Center', '2026-12-12', 'rented', null, 1666.32);
insert into Listing (listingID, apartmentID, landlordID, brokerID, renterID, title, availableDate, status, cosignerName, brokerFee) values (51, 7, 23, 17, 1, 'Charming 1BR with Fireplace', '2025-04-08', 'available', 'Wash Ledgley', 1120.62);
insert into Listing (listingID, apartmentID, landlordID, brokerID, renterID, title, availableDate, status, cosignerName, brokerFee) values (52, 4, 12, 7, 31, 'Modern Studio in Lakeview Commons', '2025-01-07', 'rented', null, 2318.86);
insert into Listing (listingID, apartmentID, landlordID, brokerID, renterID, title, availableDate, status, cosignerName, brokerFee) values (53, 11, 23, 27, 35, 'Cozy 2BR near Dining District', '2025-09-28', 'rented', null, 640.98);
insert into Listing (listingID, apartmentID, landlordID, brokerID, renterID, title, availableDate, status, cosignerName, brokerFee) values (54, 27, 13, 17, 2, 'Sun-Drenched 3BR with Patio', '2025-04-20', 'rented', 'Casar Nosworthy', 1961.26);
insert into Listing (listingID, apartmentID, landlordID, brokerID, renterID, title, availableDate, status, cosignerName, brokerFee) values (55, 21, 19, 4, 21, 'Renovated 1BR near Health Center', '2025-12-03', 'available', 'Clari Roofe', 1881.35);
insert into Listing (listingID, apartmentID, landlordID, brokerID, renterID, title, availableDate, status, cosignerName, brokerFee) values (56, 26, 23, 11, 3, 'Spacious 2BR with Storage Unit', '2025-11-22', 'archived', null, 1847.97);
insert into Listing (listingID, apartmentID, landlordID, brokerID, renterID, title, availableDate, status, cosignerName, brokerFee) values (57, 20, 5, 8, 31, 'Bright Studio near Quad', '2025-01-27', 'inactive', null, 1945.19);
insert into Listing (listingID, apartmentID, landlordID, brokerID, renterID, title, availableDate, status, cosignerName, brokerFee) values (58, 23, 22, 26, 33, 'Airy 1BR with Floor-to-Ceiling Windows', '2026-07-17', 'available', null, 874.15);
insert into Listing (listingID, apartmentID, landlordID, brokerID, renterID, title, availableDate, status, cosignerName, brokerFee) values (59, 1, 11, 29, 31, 'Elegant 3BR near Symphony Hall', '2026-10-26', 'rented', 'Hersch Dibbs', 2991.13);
insert into Listing (listingID, apartmentID, landlordID, brokerID, renterID, title, availableDate, status, cosignerName, brokerFee) values (60, 11, 19, 10, 31, 'Warm 2BR with Updated Kitchen', '2026-11-24', 'available', 'Harlan Ridolfi', 581.01);

insert into ListingImage (listingImageID, imageURL, listingID) values (1, 'https://example.com/image9.jpg', 13);
insert into ListingImage (listingImageID, imageURL, listingID) values (2, 'https://example.com/image5.jpg', 4);
insert into ListingImage (listingImageID, imageURL, listingID) values (3, 'https://example.com/image1.jpg', 28);
insert into ListingImage (listingImageID, imageURL, listingID) values (4, 'https://example.com/image10.jpg', 32);
insert into ListingImage (listingImageID, imageURL, listingID) values (5, 'https://example.com/image6.jpg', 9);
insert into ListingImage (listingImageID, imageURL, listingID) values (6, 'https://example.com/image7.jpg', 49);
insert into ListingImage (listingImageID, imageURL, listingID) values (7, 'https://example.com/image5.jpg', 24);
insert into ListingImage (listingImageID, imageURL, listingID) values (8, 'https://example.com/image5.jpg', 9);
insert into ListingImage (listingImageID, imageURL, listingID) values (9, 'https://example.com/image1.jpg', 39);
insert into ListingImage (listingImageID, imageURL, listingID) values (10, 'https://example.com/image8.jpg', 21);
insert into ListingImage (listingImageID, imageURL, listingID) values (11, 'https://example.com/image4.jpg', 18);
insert into ListingImage (listingImageID, imageURL, listingID) values (12, 'https://example.com/image10.jpg', 31);
insert into ListingImage (listingImageID, imageURL, listingID) values (13, 'https://example.com/image1.jpg', 27);
insert into ListingImage (listingImageID, imageURL, listingID) values (14, 'https://example.com/image6.jpg', 5);
insert into ListingImage (listingImageID, imageURL, listingID) values (15, 'https://example.com/image3.jpg', 41);
insert into ListingImage (listingImageID, imageURL, listingID) values (16, 'https://example.com/image7.jpg', 3);
insert into ListingImage (listingImageID, imageURL, listingID) values (17, 'https://example.com/image6.jpg', 51);
insert into ListingImage (listingImageID, imageURL, listingID) values (18, 'https://example.com/image4.jpg', 46);
insert into ListingImage (listingImageID, imageURL, listingID) values (19, 'https://example.com/image8.jpg', 25);
insert into ListingImage (listingImageID, imageURL, listingID) values (20, 'https://example.com/image4.jpg', 45);
insert into ListingImage (listingImageID, imageURL, listingID) values (21, 'https://example.com/image9.jpg', 29);
insert into ListingImage (listingImageID, imageURL, listingID) values (22, 'https://example.com/image8.jpg', 20);
insert into ListingImage (listingImageID, imageURL, listingID) values (23, 'https://example.com/image1.jpg', 2);
insert into ListingImage (listingImageID, imageURL, listingID) values (24, 'https://example.com/image2.jpg', 52);
insert into ListingImage (listingImageID, imageURL, listingID) values (25, 'https://example.com/image10.jpg', 6);
insert into ListingImage (listingImageID, imageURL, listingID) values (26, 'https://example.com/image10.jpg', 8);
insert into ListingImage (listingImageID, imageURL, listingID) values (27, 'https://example.com/image6.jpg', 60);
insert into ListingImage (listingImageID, imageURL, listingID) values (28, 'https://example.com/image9.jpg', 17);
insert into ListingImage (listingImageID, imageURL, listingID) values (29, 'https://example.com/image8.jpg', 51);
insert into ListingImage (listingImageID, imageURL, listingID) values (30, 'https://example.com/image2.jpg', 4);
insert into ListingImage (listingImageID, imageURL, listingID) values (31, 'https://example.com/image1.jpg', 53);
insert into ListingImage (listingImageID, imageURL, listingID) values (32, 'https://example.com/image8.jpg', 21);
insert into ListingImage (listingImageID, imageURL, listingID) values (33, 'https://example.com/image7.jpg', 35);
insert into ListingImage (listingImageID, imageURL, listingID) values (34, 'https://example.com/image2.jpg', 23);
insert into ListingImage (listingImageID, imageURL, listingID) values (35, 'https://example.com/image5.jpg', 43);
insert into ListingImage (listingImageID, imageURL, listingID) values (36, 'https://example.com/image2.jpg', 12);
insert into ListingImage (listingImageID, imageURL, listingID) values (37, 'https://example.com/image6.jpg', 16);
insert into ListingImage (listingImageID, imageURL, listingID) values (38, 'https://example.com/image9.jpg', 48);
insert into ListingImage (listingImageID, imageURL, listingID) values (39, 'https://example.com/image4.jpg', 8);
insert into ListingImage (listingImageID, imageURL, listingID) values (40, 'https://example.com/image4.jpg', 15);
insert into ListingImage (listingImageID, imageURL, listingID) values (41, 'https://example.com/image1.jpg', 19);
insert into ListingImage (listingImageID, imageURL, listingID) values (42, 'https://example.com/image9.jpg', 58);
insert into ListingImage (listingImageID, imageURL, listingID) values (43, 'https://example.com/image9.jpg', 16);
insert into ListingImage (listingImageID, imageURL, listingID) values (44, 'https://example.com/image8.jpg', 28);
insert into ListingImage (listingImageID, imageURL, listingID) values (45, 'https://example.com/image8.jpg', 23);
insert into ListingImage (listingImageID, imageURL, listingID) values (46, 'https://example.com/image2.jpg', 16);
insert into ListingImage (listingImageID, imageURL, listingID) values (47, 'https://example.com/image2.jpg', 47);
insert into ListingImage (listingImageID, imageURL, listingID) values (48, 'https://example.com/image8.jpg', 18);
insert into ListingImage (listingImageID, imageURL, listingID) values (49, 'https://example.com/image1.jpg', 14);
insert into ListingImage (listingImageID, imageURL, listingID) values (50, 'https://example.com/image3.jpg', 22);
insert into ListingImage (listingImageID, imageURL, listingID) values (51, 'https://example.com/image5.jpg', 54);
insert into ListingImage (listingImageID, imageURL, listingID) values (52, 'https://example.com/image7.jpg', 45);
insert into ListingImage (listingImageID, imageURL, listingID) values (53, 'https://example.com/image1.jpg', 42);
insert into ListingImage (listingImageID, imageURL, listingID) values (54, 'https://example.com/image5.jpg', 3);
insert into ListingImage (listingImageID, imageURL, listingID) values (55, 'https://example.com/image6.jpg', 33);
insert into ListingImage (listingImageID, imageURL, listingID) values (56, 'https://example.com/image6.jpg', 43);
insert into ListingImage (listingImageID, imageURL, listingID) values (57, 'https://example.com/image2.jpg', 60);
insert into ListingImage (listingImageID, imageURL, listingID) values (58, 'https://example.com/image10.jpg', 16);
insert into ListingImage (listingImageID, imageURL, listingID) values (59, 'https://example.com/image7.jpg', 44);
insert into ListingImage (listingImageID, imageURL, listingID) values (60, 'https://example.com/image9.jpg', 10);
insert into ListingImage (listingImageID, imageURL, listingID) values (61, 'https://example.com/image10.jpg', 2);
insert into ListingImage (listingImageID, imageURL, listingID) values (62, 'https://example.com/image8.jpg', 19);
insert into ListingImage (listingImageID, imageURL, listingID) values (63, 'https://example.com/image5.jpg', 3);
insert into ListingImage (listingImageID, imageURL, listingID) values (64, 'https://example.com/image8.jpg', 23);
insert into ListingImage (listingImageID, imageURL, listingID) values (65, 'https://example.com/image6.jpg', 2);
insert into ListingImage (listingImageID, imageURL, listingID) values (66, 'https://example.com/image10.jpg', 14);
insert into ListingImage (listingImageID, imageURL, listingID) values (67, 'https://example.com/image8.jpg', 36);
insert into ListingImage (listingImageID, imageURL, listingID) values (68, 'https://example.com/image2.jpg', 15);
insert into ListingImage (listingImageID, imageURL, listingID) values (69, 'https://example.com/image9.jpg', 26);
insert into ListingImage (listingImageID, imageURL, listingID) values (70, 'https://example.com/image8.jpg', 56);
insert into ListingImage (listingImageID, imageURL, listingID) values (71, 'https://example.com/image3.jpg', 18);
insert into ListingImage (listingImageID, imageURL, listingID) values (72, 'https://example.com/image10.jpg', 28);
insert into ListingImage (listingImageID, imageURL, listingID) values (73, 'https://example.com/image9.jpg', 50);
insert into ListingImage (listingImageID, imageURL, listingID) values (74, 'https://example.com/image10.jpg', 11);
insert into ListingImage (listingImageID, imageURL, listingID) values (75, 'https://example.com/image9.jpg', 55);

insert into Inquiry (inquiryID, listingID, renterID, message, response, sentAt, isRead) values (1, 50, 1, 'How long is the lease term?', null, '2025-06-22', 0);
insert into Inquiry (inquiryID, listingID, renterID, message, response, sentAt, isRead) values (2, 60, 2, 'I would like to schedule a tour.', null, '2025-05-22', 0);
insert into Inquiry (inquiryID, listingID, renterID, message, response, sentAt, isRead) values (3, 23, 3, 'Are utilities included?', null, '2025-05-06', 0);
insert into Inquiry (inquiryID, listingID, renterID, message, response, sentAt, isRead) values (4, 20, 4, 'Are pets allowed in this unit?', null, '2025-04-21', 0);
insert into Inquiry (inquiryID, listingID, renterID, message, response, sentAt, isRead) values (5, 49, 5, 'Are pets allowed in this unit?', 'Pets are allowed with a $500 deposit.', '2025-11-27', 1);
insert into Inquiry (inquiryID, listingID, renterID, message, response, sentAt, isRead) values (6, 6, 6, 'How much is the security deposit?', null, '2025-10-20', 0);
insert into Inquiry (inquiryID, listingID, renterID, message, response, sentAt, isRead) values (7, 47, 7, 'How long is the lease term?', 'The lease term is 12 months.', '2025-02-14', 1);
insert into Inquiry (inquiryID, listingID, renterID, message, response, sentAt, isRead) values (8, 42, 8, 'Is this unit still available?', null, '2025-11-17', 0);
insert into Inquiry (inquiryID, listingID, renterID, message, response, sentAt, isRead) values (9, 54, 9, 'Can I schedule a viewing this week?', null, '2025-06-28', 0);
insert into Inquiry (inquiryID, listingID, renterID, message, response, sentAt, isRead) values (10, 52, 10, 'Is parking available?', null, '2025-06-03', 0);
insert into Inquiry (inquiryID, listingID, renterID, message, response, sentAt, isRead) values (11, 19, 11, 'Are pets allowed in this unit?', null, '2025-06-20', 0);
insert into Inquiry (inquiryID, listingID, renterID, message, response, sentAt, isRead) values (12, 46, 12, 'can you provide more details?', null, '2025-03-04', 0);
insert into Inquiry (inquiryID, listingID, renterID, message, response, sentAt, isRead) values (13, 27, 13, 'Is this unit still available?', 'Yes, the unit is still available!', '2025-11-05', 1);
insert into Inquiry (inquiryID, listingID, renterID, message, response, sentAt, isRead) values (14, 23, 14, 'Are pets allowed in this unit?', 'Small pets are welcome with a pet deposit of $300.', '2025-08-04', 1);
insert into Inquiry (inquiryID, listingID, renterID, message, response, sentAt, isRead) values (15, 29, 15, 'Is parking available?', null, '2025-07-09', 0);
insert into Inquiry (inquiryID, listingID, renterID, message, response, sentAt, isRead) values (16, 14, 16, 'Can I schedule a viewing this week?', 'Sure, how about Thursday at 3pm?', '2025-09-29', 1);
insert into Inquiry (inquiryID, listingID, renterID, message, response, sentAt, isRead) values (17, 31, 17, 'I am interested in this apartment', 'Great to hear! Would you like to schedule a tour?', '2025-08-17', 1);
insert into Inquiry (inquiryID, listingID, renterID, message, response, sentAt, isRead) values (18, 11, 18, 'Is parking available?', 'Parking is included in the rent.', '2025-09-09', 1);
insert into Inquiry (inquiryID, listingID, renterID, message, response, sentAt, isRead) values (19, 51, 19, 'I would like to schedule a tour.', null, '2025-07-28', 0);
insert into Inquiry (inquiryID, listingID, renterID, message, response, sentAt, isRead) values (20, 43, 20, 'I would like to schedule a tour.', null, '2025-04-18', 0);
insert into Inquiry (inquiryID, listingID, renterID, message, response, sentAt, isRead) values (21, 46, 21, 'Are pets allowed in this unit?', null, '2025-11-05', 0);
insert into Inquiry (inquiryID, listingID, renterID, message, response, sentAt, isRead) values (22, 28, 22, 'How long is the lease term?', 'We offer both 6-month and 12-month lease options.', '2025-08-13', 1);
insert into Inquiry (inquiryID, listingID, renterID, message, response, sentAt, isRead) values (23, 52, 23, 'How long is the lease term?', 'The minimum lease term is 12 months.', '2025-05-30', 1);
insert into Inquiry (inquiryID, listingID, renterID, message, response, sentAt, isRead) values (24, 15, 24, 'I would like to schedule a tour.', null, '2025-08-04', 0);
insert into Inquiry (inquiryID, listingID, renterID, message, response, sentAt, isRead) values (25, 1, 25, 'can you provide more details?', 'The unit is a 2BR/1BA with in-unit laundry and updated appliances.', '2025-10-30', 1);
insert into Inquiry (inquiryID, listingID, renterID, message, response, sentAt, isRead) values (26, 30, 26, 'How long is the lease term?', null, '2025-02-18', 0);
insert into Inquiry (inquiryID, listingID, renterID, message, response, sentAt, isRead) values (27, 2, 27, 'Are utilities included?', 'Water and trash are included. Electric and gas are tenant responsibility.', '2025-09-27', 1);
insert into Inquiry (inquiryID, listingID, renterID, message, response, sentAt, isRead) values (28, 14, 28, 'Can I schedule a viewing this week?', 'Absolutely! I have openings on Wednesday at 11am or Friday at 2pm.', '2025-11-12', 1);
insert into Inquiry (inquiryID, listingID, renterID, message, response, sentAt, isRead) values (29, 38, 29, 'Is this unit still available?', null, '2025-02-03', 0);
insert into Inquiry (inquiryID, listingID, renterID, message, response, sentAt, isRead) values (30, 21, 30, 'How much is the security deposit?', 'The security deposit is one month rent.', '2025-02-28', 1);
insert into Inquiry (inquiryID, listingID, renterID, message, response, sentAt, isRead) values (31, 18, 31, 'Is parking available?', null, '2025-11-23', 0);
insert into Inquiry (inquiryID, listingID, renterID, message, response, sentAt, isRead) values (32, 34, 32, 'Is parking available?', null, '2025-10-06', 0);
insert into Inquiry (inquiryID, listingID, renterID, message, response, sentAt, isRead) values (33, 57, 33, 'can you provide more details?', 'It is a newly renovated 1BR with hardwood floors, stainless steel appliances, and a balcony.', '2025-09-18', 1);
insert into Inquiry (inquiryID, listingID, renterID, message, response, sentAt, isRead) values (34, 9, 34, 'Can I schedule a viewing this week?', 'Of course! How does Saturday at 10am work for you?', '2025-10-14', 1);
insert into Inquiry (inquiryID, listingID, renterID, message, response, sentAt, isRead) values (35, 3, 35, 'can you provide more details?', 'The apartment features central AC, a dishwasher, and shared rooftop access.', '2025-03-25', 1);
insert into Inquiry (inquiryID, listingID, renterID, message, response, sentAt, isRead) values (36, 1, 1, 'How long is the lease term?', 'The lease term is 12 months with an option to renew.', '2025-09-25', 1);
insert into Inquiry (inquiryID, listingID, renterID, message, response, sentAt, isRead) values (37, 39, 2, 'Is this unit still available?', null, '2025-05-12', 0);
insert into Inquiry (inquiryID, listingID, renterID, message, response, sentAt, isRead) values (38, 34, 3, 'Is parking available?', 'Yes, one dedicated parking spot is included.', '2025-06-06', 1);
insert into Inquiry (inquiryID, listingID, renterID, message, response, sentAt, isRead) values (39, 41, 4, 'What is included in the rent?', 'Rent includes water, trash, and access to the fitness center and pool.', '2025-06-11', 1);
insert into Inquiry (inquiryID, listingID, renterID, message, response, sentAt, isRead) values (40, 33, 5, 'can you provide more details?', 'The unit has 3 bedrooms, 2 bathrooms, a walk-in closet, and a private patio.', '2025-11-11', 1);
insert into Inquiry (inquiryID, listingID, renterID, message, response, sentAt, isRead) values (41, 54, 6, 'can you provide more details?', null, '2025-07-26', 0);
insert into Inquiry (inquiryID, listingID, renterID, message, response, sentAt, isRead) values (42, 50, 7, 'Is parking available?', null, '2025-09-27', 0);
insert into Inquiry (inquiryID, listingID, renterID, message, response, sentAt, isRead) values (43, 36, 8, 'can you provide more details?', 'It is a spacious studio with floor-to-ceiling windows and a modern kitchen.', '2025-10-10', 1);
insert into Inquiry (inquiryID, listingID, renterID, message, response, sentAt, isRead) values (44, 38, 9, 'Are utilities included?', 'Utilities are not included, but average around $100/month.', '2025-07-04', 1);
insert into Inquiry (inquiryID, listingID, renterID, message, response, sentAt, isRead) values (45, 51, 10, 'How much is the security deposit?', null, '2025-02-15', 0);
insert into Inquiry (inquiryID, listingID, renterID, message, response, sentAt, isRead) values (46, 17, 11, 'Are pets allowed in this unit?', 'Yes, cats and small dogs under 25 lbs are allowed with a $250 pet fee.', '2025-05-20', 1);
insert into Inquiry (inquiryID, listingID, renterID, message, response, sentAt, isRead) values (47, 49, 12, 'How long is the lease term?', null, '2025-09-03', 0);
insert into Inquiry (inquiryID, listingID, renterID, message, response, sentAt, isRead) values (48, 24, 13, 'Are utilities included?', 'Heat and hot water are included. Electric is separate.', '2025-05-24', 1);
insert into Inquiry (inquiryID, listingID, renterID, message, response, sentAt, isRead) values (49, 2, 14, 'I am interested in this apartment', null, '2025-10-15', 0);
insert into Inquiry (inquiryID, listingID, renterID, message, response, sentAt, isRead) values (50, 24, 15, 'Can I schedule a viewing this week?', 'Yes! I can show the unit on Tuesday at 4pm or Wednesday at 10am.', '2025-12-08', 1);
insert into Inquiry (inquiryID, listingID, renterID, message, response, sentAt, isRead) values (51, 51, 16, 'Are pets allowed in this unit?', 'Pets are allowed with a $500 deposit.', '2025-10-04', 1);
insert into Inquiry (inquiryID, listingID, renterID, message, response, sentAt, isRead) values (52, 24, 17, 'Is this unit still available?', null, '2025-07-06', 0);
insert into Inquiry (inquiryID, listingID, renterID, message, response, sentAt, isRead) values (53, 23, 18, 'Are pets allowed in this unit?', 'One pet is allowed with landlord approval and a $400 pet deposit.', '2025-06-11', 1);
insert into Inquiry (inquiryID, listingID, renterID, message, response, sentAt, isRead) values (54, 60, 19, 'Is parking available?', null, '2025-01-03', 0);
insert into Inquiry (inquiryID, listingID, renterID, message, response, sentAt, isRead) values (55, 20, 20, 'I would like to schedule a tour.', 'We have availability this Saturday at 1pm. Does that work?', '2025-05-20', 1);
insert into Inquiry (inquiryID, listingID, renterID, message, response, sentAt, isRead) values (56, 5, 21, 'I would like to schedule a tour.', 'Sure! How about Monday at 5pm after work hours?', '2025-02-17', 1);
insert into Inquiry (inquiryID, listingID, renterID, message, response, sentAt, isRead) values (57, 32, 22, 'What is included in the rent?', null, '2025-07-25', 0);
insert into Inquiry (inquiryID, listingID, renterID, message, response, sentAt, isRead) values (58, 10, 23, 'Can I schedule a viewing this week?', 'Yes, I am available Friday at noon. Let me know if that works!', '2025-07-22', 1);
insert into Inquiry (inquiryID, listingID, renterID, message, response, sentAt, isRead) values (59, 26, 24, 'Is parking available?', null, '2025-07-07', 0);
insert into Inquiry (inquiryID, listingID, renterID, message, response, sentAt, isRead) values (60, 17, 25, 'Can I schedule a viewing this week?', 'Absolutely, how about Wednesday at 2pm?', '2025-01-03', 1);
insert into Inquiry (inquiryID, listingID, renterID, message, response, sentAt, isRead) values (61, 8, 26, 'Are utilities included?', null, '2025-08-08', 0);
insert into Inquiry (inquiryID, listingID, renterID, message, response, sentAt, isRead) values (62, 59, 27, 'Are utilities included?', null, '2025-03-01', 0);
insert into Inquiry (inquiryID, listingID, renterID, message, response, sentAt, isRead) values (63, 47, 28, 'I would like to schedule a tour.', null, '2025-05-01', 0);
insert into Inquiry (inquiryID, listingID, renterID, message, response, sentAt, isRead) values (64, 31, 29, 'I am interested in this apartment', 'Thank you for your interest! Would you like to fill out an application?', '2025-05-10', 1);
insert into Inquiry (inquiryID, listingID, renterID, message, response, sentAt, isRead) values (65, 49, 30, 'What is included in the rent?', null, '2025-12-24', 0);
insert into Inquiry (inquiryID, listingID, renterID, message, response, sentAt, isRead) values (66, 40, 31, 'Can I schedule a viewing this week?', 'Sure, I can do Thursday at 11am or Saturday at 9am.', '2025-03-14', 1);
insert into Inquiry (inquiryID, listingID, renterID, message, response, sentAt, isRead) values (67, 47, 32, 'Can I schedule a viewing this week?', 'How about this Friday at 3pm? The unit will be freshly cleaned.', '2025-11-28', 1);
insert into Inquiry (inquiryID, listingID, renterID, message, response, sentAt, isRead) values (68, 25, 33, 'I am interested in this apartment', null, '2025-07-10', 0);
insert into Inquiry (inquiryID, listingID, renterID, message, response, sentAt, isRead) values (69, 34, 34, 'can you provide more details?', 'The unit includes in-unit laundry, central air, and a storage unit in the basement.', '2025-02-19', 1);
insert into Inquiry (inquiryID, listingID, renterID, message, response, sentAt, isRead) values (70, 8, 35, 'How long is the lease term?', 'We offer a standard 12-month lease starting on the 1st of the month.', '2025-10-30', 1);
insert into Inquiry (inquiryID, listingID, renterID, message, response, sentAt, isRead) values (71, 46, 1, 'I would like to schedule a tour.', 'Of course! I have openings this weekend. Would Saturday at 2pm work?', '2025-11-22', 1);
insert into Inquiry (inquiryID, listingID, renterID, message, response, sentAt, isRead) values (72, 59, 2, 'Is this unit still available?', 'Yes, it is still available! Would you like to come see it?', '2025-06-04', 1);
insert into Inquiry (inquiryID, listingID, renterID, message, response, sentAt, isRead) values (73, 38, 3, 'How much is the security deposit?', 'The security deposit is equal to one month of rent, which is $1,800.', '2025-10-26', 1);
insert into Inquiry (inquiryID, listingID, renterID, message, response, sentAt, isRead) values (74, 50, 4, 'I would like to schedule a tour.', null, '2025-10-17', 0);
insert into Inquiry (inquiryID, listingID, renterID, message, response, sentAt, isRead) values (75, 21, 5, 'What is included in the rent?', 'Rent covers water, sewer, trash pickup, and one parking space.', '2025-06-27', 1);
insert into Inquiry (inquiryID, listingID, renterID, message, response, sentAt, isRead) values (76, 1, 33, 'Is this unit still available for June?', 'Yes, it is available starting June 13th!', '2026-04-01', 1);
insert into Inquiry (inquiryID, listingID, renterID, message, response, sentAt, isRead) values (77, 58, 33, 'Are utilities included in the rent?', null, '2026-04-03', 0);
insert into Inquiry (inquiryID, listingID, renterID, message, response, sentAt, isRead) values (78, 14, 33, 'Can I schedule a tour this weekend?', 'Sure! How about Saturday at 11am?', '2026-04-05', 1);
insert into Inquiry (inquiryID, listingID, renterID, message, response, sentAt, isRead) values (79, 19, 33, 'Is parking included or is there a fee?', 'One parking spot is included at no extra charge.', '2026-04-06', 1);
insert into Inquiry (inquiryID, listingID, renterID, message, response, sentAt, isRead) values (80, 47, 33, 'Are pets allowed? I have a small dog.', null, '2026-04-08', 0);
insert into Inquiry (inquiryID, listingID, renterID, message, response, sentAt, isRead) values (81, 29, 33, 'What is the lease term for this unit?', 'We offer 12-month leases starting in August.', '2026-04-10', 1);
insert into Inquiry (inquiryID, listingID, renterID, message, response, sentAt, isRead) values (82, 35, 33, 'How far is this from the Tufts campus?', null, '2026-04-12', 0);
insert into Inquiry (inquiryID, listingID, renterID, message, response, sentAt, isRead) values (83, 40, 33, 'Does the unit have in-unit laundry?', 'Yes, there is a washer and dryer in the unit.', '2026-04-13', 1);
insert into Inquiry (inquiryID, listingID, renterID, message, response, sentAt, isRead) values (84, 15, 33, 'How much is the security deposit?', 'The security deposit is equal to one month of rent.', '2026-04-14', 1);
insert into Inquiry (inquiryID, listingID, renterID, message, response, sentAt, isRead) values (85, 44, 33, 'Is this a quiet neighborhood?', null, '2026-04-15', 0);

insert into PerformanceReport (reportID, apartmentID, brokerID, applicationsCount, occupancyRate, daysOnMarket, viewCount) values (1, 11, 15, 3, null, 186, 425);
insert into PerformanceReport (reportID, apartmentID, brokerID, applicationsCount, occupancyRate, daysOnMarket, viewCount) values (2, 24, 14, 34, 33.8, 53, 307);
insert into PerformanceReport (reportID, apartmentID, brokerID, applicationsCount, occupancyRate, daysOnMarket, viewCount) values (3, 20, 27, 30, 19.68, 107, 415);
insert into PerformanceReport (reportID, apartmentID, brokerID, applicationsCount, occupancyRate, daysOnMarket, viewCount) values (4, 4, 13, 46, null, 68, 373);
insert into PerformanceReport (reportID, apartmentID, brokerID, applicationsCount, occupancyRate, daysOnMarket, viewCount) values (5, 3, 8, 14, null, 76, 342);
insert into PerformanceReport (reportID, apartmentID, brokerID, applicationsCount, occupancyRate, daysOnMarket, viewCount) values (6, 25, 9, 29, null, 64, 330);
insert into PerformanceReport (reportID, apartmentID, brokerID, applicationsCount, occupancyRate, daysOnMarket, viewCount) values (7, 1, 21, 45, 74.79, 161, 101);
insert into PerformanceReport (reportID, apartmentID, brokerID, applicationsCount, occupancyRate, daysOnMarket, viewCount) values (8, 32, 1, 10, null, 306, 384);
insert into PerformanceReport (reportID, apartmentID, brokerID, applicationsCount, occupancyRate, daysOnMarket, viewCount) values (9, 28, 8, 19, null, 110, 250);
insert into PerformanceReport (reportID, apartmentID, brokerID, applicationsCount, occupancyRate, daysOnMarket, viewCount) values (10, 9, 15, 14, 99.24, 106, 153);
insert into PerformanceReport (reportID, apartmentID, brokerID, applicationsCount, occupancyRate, daysOnMarket, viewCount) values (11, 34, 21, 34, null, 214, 100);
insert into PerformanceReport (reportID, apartmentID, brokerID, applicationsCount, occupancyRate, daysOnMarket, viewCount) values (12, 23, 10, 14, 9.13, 182, 337);
insert into PerformanceReport (reportID, apartmentID, brokerID, applicationsCount, occupancyRate, daysOnMarket, viewCount) values (13, 16, 9, 18, 19.77, 128, 151);
insert into PerformanceReport (reportID, apartmentID, brokerID, applicationsCount, occupancyRate, daysOnMarket, viewCount) values (14, 12, 29, 16, null, 43, 253);
insert into PerformanceReport (reportID, apartmentID, brokerID, applicationsCount, occupancyRate, daysOnMarket, viewCount) values (15, 16, 18, 12, 77.0, 14, 424);
insert into PerformanceReport (reportID, apartmentID, brokerID, applicationsCount, occupancyRate, daysOnMarket, viewCount) values (16, 9, 30, 9, 90.38, 250, 198);
insert into PerformanceReport (reportID, apartmentID, brokerID, applicationsCount, occupancyRate, daysOnMarket, viewCount) values (17, 24, 12, 8, null, 177, 207);
insert into PerformanceReport (reportID, apartmentID, brokerID, applicationsCount, occupancyRate, daysOnMarket, viewCount) values (18, 3, 22, 35, 54.85, 227, 391);
insert into PerformanceReport (reportID, apartmentID, brokerID, applicationsCount, occupancyRate, daysOnMarket, viewCount) values (19, 9, 15, 45, 21.25, 361, 183);
insert into PerformanceReport (reportID, apartmentID, brokerID, applicationsCount, occupancyRate, daysOnMarket, viewCount) values (20, 24, 18, 27, null, 119, 105);
insert into PerformanceReport (reportID, apartmentID, brokerID, applicationsCount, occupancyRate, daysOnMarket, viewCount) values (21, 16, 28, 16, 26.86, 24, 246);
insert into PerformanceReport (reportID, apartmentID, brokerID, applicationsCount, occupancyRate, daysOnMarket, viewCount) values (22, 29, 29, 33, 64.46, 184, 23);
insert into PerformanceReport (reportID, apartmentID, brokerID, applicationsCount, occupancyRate, daysOnMarket, viewCount) values (23, 31, 9, 28, null, 39, 116);
insert into PerformanceReport (reportID, apartmentID, brokerID, applicationsCount, occupancyRate, daysOnMarket, viewCount) values (24, 3, 9, 17, 40.15, 76, 245);
insert into PerformanceReport (reportID, apartmentID, brokerID, applicationsCount, occupancyRate, daysOnMarket, viewCount) values (25, 18, 11, 24, null, 307, 192);
insert into PerformanceReport (reportID, apartmentID, brokerID, applicationsCount, occupancyRate, daysOnMarket, viewCount) values (26, 32, 18, 1, null, 53, 390);
insert into PerformanceReport (reportID, apartmentID, brokerID, applicationsCount, occupancyRate, daysOnMarket, viewCount) values (27, 21, 18, 12, null, 62, 106);
insert into PerformanceReport (reportID, apartmentID, brokerID, applicationsCount, occupancyRate, daysOnMarket, viewCount) values (28, 20, 19, 29, 71.95, 98, 294);
insert into PerformanceReport (reportID, apartmentID, brokerID, applicationsCount, occupancyRate, daysOnMarket, viewCount) values (29, 8, 1, 26, 41.6, 14, 198);
insert into PerformanceReport (reportID, apartmentID, brokerID, applicationsCount, occupancyRate, daysOnMarket, viewCount) values (30, 6, 30, 38, 35.1, 337, 455);
insert into PerformanceReport (reportID, apartmentID, brokerID, applicationsCount, occupancyRate, daysOnMarket, viewCount) values (31, 29, 2, 11, null, 323, 47);
insert into PerformanceReport (reportID, apartmentID, brokerID, applicationsCount, occupancyRate, daysOnMarket, viewCount) values (32, 5, 3, 4, null, 40, 484);
insert into PerformanceReport (reportID, apartmentID, brokerID, applicationsCount, occupancyRate, daysOnMarket, viewCount) values (33, 10, 17, 39, 28.65, 353, 433);
insert into PerformanceReport (reportID, apartmentID, brokerID, applicationsCount, occupancyRate, daysOnMarket, viewCount) values (34, 17, 17, 15, 45.28, 115, 325);
insert into PerformanceReport (reportID, apartmentID, brokerID, applicationsCount, occupancyRate, daysOnMarket, viewCount) values (35, 15, 18, 22, null, 126, 491);
insert into PerformanceReport (reportID, apartmentID, brokerID, applicationsCount, occupancyRate, daysOnMarket, viewCount) values (36, 26, 23, 27, 18.78, 341, 264);
insert into PerformanceReport (reportID, apartmentID, brokerID, applicationsCount, occupancyRate, daysOnMarket, viewCount) values (37, 31, 27, 39, 28.98, 148, 318);
insert into PerformanceReport (reportID, apartmentID, brokerID, applicationsCount, occupancyRate, daysOnMarket, viewCount) values (38, 31, 15, 18, null, 141, 453);
insert into PerformanceReport (reportID, apartmentID, brokerID, applicationsCount, occupancyRate, daysOnMarket, viewCount) values (39, 23, 7, 16, 57.34, 350, 452);
insert into PerformanceReport (reportID, apartmentID, brokerID, applicationsCount, occupancyRate, daysOnMarket, viewCount) values (40, 9, 3, 48, 10.35, 249, 19);
insert into PerformanceReport (reportID, apartmentID, brokerID, applicationsCount, occupancyRate, daysOnMarket, viewCount) values (41, 15, 7, 22, null, 285, 280);
insert into PerformanceReport (reportID, apartmentID, brokerID, applicationsCount, occupancyRate, daysOnMarket, viewCount) values (42, 19, 2, 26, 71.05, 342, 236);
insert into PerformanceReport (reportID, apartmentID, brokerID, applicationsCount, occupancyRate, daysOnMarket, viewCount) values (43, 7, 23, 48, 66.52, 148, 264);
insert into PerformanceReport (reportID, apartmentID, brokerID, applicationsCount, occupancyRate, daysOnMarket, viewCount) values (44, 20, 22, 13, null, 78, 145);
insert into PerformanceReport (reportID, apartmentID, brokerID, applicationsCount, occupancyRate, daysOnMarket, viewCount) values (45, 35, 28, 11, 30.43, 250, 438);
insert into PerformanceReport (reportID, apartmentID, brokerID, applicationsCount, occupancyRate, daysOnMarket, viewCount) values (46, 8, 25, 1, 92.84, 242, 159);
insert into PerformanceReport (reportID, apartmentID, brokerID, applicationsCount, occupancyRate, daysOnMarket, viewCount) values (47, 10, 11, 20, 94.17, 101, 303);
insert into PerformanceReport (reportID, apartmentID, brokerID, applicationsCount, occupancyRate, daysOnMarket, viewCount) values (48, 5, 17, 32, null, 138, 208);
insert into PerformanceReport (reportID, apartmentID, brokerID, applicationsCount, occupancyRate, daysOnMarket, viewCount) values (49, 33, 10, 14, 40.88, 77, 85);
insert into PerformanceReport (reportID, apartmentID, brokerID, applicationsCount, occupancyRate, daysOnMarket, viewCount) values (50, 18, 7, 20, 28.76, 128, 319);
insert into PerformanceReport (reportID, apartmentID, brokerID, applicationsCount, occupancyRate, daysOnMarket, viewCount) values (51, 26, 15, 22, 21.7, 114, 172);
insert into PerformanceReport (reportID, apartmentID, brokerID, applicationsCount, occupancyRate, daysOnMarket, viewCount) values (52, 34, 19, 29, 40.7, 65, 94);
insert into PerformanceReport (reportID, apartmentID, brokerID, applicationsCount, occupancyRate, daysOnMarket, viewCount) values (53, 5, 28, 30, 75.72, 239, 356);
insert into PerformanceReport (reportID, apartmentID, brokerID, applicationsCount, occupancyRate, daysOnMarket, viewCount) values (54, 13, 22, 40, 47.22, 61, 97);
insert into PerformanceReport (reportID, apartmentID, brokerID, applicationsCount, occupancyRate, daysOnMarket, viewCount) values (55, 19, 25, 49, 94.88, 195, 426);
insert into PerformanceReport (reportID, apartmentID, brokerID, applicationsCount, occupancyRate, daysOnMarket, viewCount) values (56, 8, 18, 40, 4.98, 147, 166);
insert into PerformanceReport (reportID, apartmentID, brokerID, applicationsCount, occupancyRate, daysOnMarket, viewCount) values (57, 22, 7, 41, null, 313, 127);
insert into PerformanceReport (reportID, apartmentID, brokerID, applicationsCount, occupancyRate, daysOnMarket, viewCount) values (58, 13, 19, 26, 53.21, 44, 374);
insert into PerformanceReport (reportID, apartmentID, brokerID, applicationsCount, occupancyRate, daysOnMarket, viewCount) values (59, 11, 23, 42, 69.06, 328, 412);
insert into PerformanceReport (reportID, apartmentID, brokerID, applicationsCount, occupancyRate, daysOnMarket, viewCount) values (60, 21, 19, 7, 82.06, 162, 453);
insert into PerformanceReport (reportID, apartmentID, brokerID, applicationsCount, occupancyRate, daysOnMarket, viewCount) values (61, 12, 23, 18, 72.50, 45, 312);
insert into PerformanceReport (reportID, apartmentID, brokerID, applicationsCount, occupancyRate, daysOnMarket, viewCount) values (62, 29, 23, 24, 85.00, 30, 478);
insert into PerformanceReport (reportID, apartmentID, brokerID, applicationsCount, occupancyRate, daysOnMarket, viewCount) values (63, 34, 2, 22, 55.30, 89, 203);
insert into PerformanceReport (reportID, apartmentID, brokerID, applicationsCount, occupancyRate, daysOnMarket, viewCount) values (64, 21, 4, 31, 68.40, 52, 445);
insert into PerformanceReport (reportID, apartmentID, brokerID, applicationsCount, occupancyRate, daysOnMarket, viewCount) values (65, 7, 4, 19, 44.20, 73, 289);
insert into PerformanceReport (reportID, apartmentID, brokerID, applicationsCount, occupancyRate, daysOnMarket, viewCount) values (66, 10, 4, 27, 71.50, 38, 367);
insert into PerformanceReport (reportID, apartmentID, brokerID, applicationsCount, occupancyRate, daysOnMarket, viewCount) values (67, 8, 4, 15, 33.80, 91, 178);
insert into PerformanceReport (reportID, apartmentID, brokerID, applicationsCount, occupancyRate, daysOnMarket, viewCount) values (68, 25, 5, 20, 62.10, 44, 312);
insert into PerformanceReport (reportID, apartmentID, brokerID, applicationsCount, occupancyRate, daysOnMarket, viewCount) values (69, 20, 5, 35, 78.90, 29, 421);
insert into PerformanceReport (reportID, apartmentID, brokerID, applicationsCount, occupancyRate, daysOnMarket, viewCount) values (70, 8, 6, 28, 81.20, 61, 394);
insert into PerformanceReport (reportID, apartmentID, brokerID, applicationsCount, occupancyRate, daysOnMarket, viewCount) values (71, 16, 6, 12, 29.70, 104, 156);
insert into PerformanceReport (reportID, apartmentID, brokerID, applicationsCount, occupancyRate, daysOnMarket, viewCount) values (72, 4, 7, 41, 88.60, 17, 502);
insert into PerformanceReport (reportID, apartmentID, brokerID, applicationsCount, occupancyRate, daysOnMarket, viewCount) values (73, 20, 8, 23, 57.40, 83, 267);
insert into PerformanceReport (reportID, apartmentID, brokerID, applicationsCount, occupancyRate, daysOnMarket, viewCount) values (74, 4, 9, 17, 48.30, 66, 198);
insert into PerformanceReport (reportID, apartmentID, brokerID, applicationsCount, occupancyRate, daysOnMarket, viewCount) values (75, 11, 10, 33, 76.80, 42, 389);
insert into PerformanceReport (reportID, apartmentID, brokerID, applicationsCount, occupancyRate, daysOnMarket, viewCount) values (76, 16, 10, 9, 21.50, 137, 134);
insert into PerformanceReport (reportID, apartmentID, brokerID, applicationsCount, occupancyRate, daysOnMarket, viewCount) values (77, 26, 11, 25, 64.70, 55, 298);
insert into PerformanceReport (reportID, apartmentID, brokerID, applicationsCount, occupancyRate, daysOnMarket, viewCount) values (78, 35, 11, 18, 43.20, 78, 221);
insert into PerformanceReport (reportID, apartmentID, brokerID, applicationsCount, occupancyRate, daysOnMarket, viewCount) values (79, 22, 12, 11, 36.90, 99, 167);
insert into PerformanceReport (reportID, apartmentID, brokerID, applicationsCount, occupancyRate, daysOnMarket, viewCount) values (80, 6, 12, 37, 83.40, 23, 478);
insert into PerformanceReport (reportID, apartmentID, brokerID, applicationsCount, occupancyRate, daysOnMarket, viewCount) values (81, 35, 12, 21, 59.10, 67, 334);
insert into PerformanceReport (reportID, apartmentID, brokerID, applicationsCount, occupancyRate, daysOnMarket, viewCount) values (82, 21, 13, 14, 41.60, 88, 189);
insert into PerformanceReport (reportID, apartmentID, brokerID, applicationsCount, occupancyRate, daysOnMarket, viewCount) values (83, 19, 14, 29, 72.30, 35, 415);
insert into PerformanceReport (reportID, apartmentID, brokerID, applicationsCount, occupancyRate, daysOnMarket, viewCount) values (84, 29, 15, 16, 38.50, 92, 243);
insert into PerformanceReport (reportID, apartmentID, brokerID, applicationsCount, occupancyRate, daysOnMarket, viewCount) values (85, 27, 16, 32, 77.20, 31, 467);
insert into PerformanceReport (reportID, apartmentID, brokerID, applicationsCount, occupancyRate, daysOnMarket, viewCount) values (86, 6, 16, 24, 61.80, 48, 356);
insert into PerformanceReport (reportID, apartmentID, brokerID, applicationsCount, occupancyRate, daysOnMarket, viewCount) values (87, 27, 17, 38, 86.40, 19, 523);
insert into PerformanceReport (reportID, apartmentID, brokerID, applicationsCount, occupancyRate, daysOnMarket, viewCount) values (88, 7, 17, 13, 32.70, 112, 145);
insert into PerformanceReport (reportID, apartmentID, brokerID, applicationsCount, occupancyRate, daysOnMarket, viewCount) values (89, 3, 17, 26, 65.90, 57, 378);
insert into PerformanceReport (reportID, apartmentID, brokerID, applicationsCount, occupancyRate, daysOnMarket, viewCount) values (90, 1, 18, 20, 53.60, 74, 287);
insert into PerformanceReport (reportID, apartmentID, brokerID, applicationsCount, occupancyRate, daysOnMarket, viewCount) values (91, 2, 19, 8, 24.10, 143, 112);
insert into PerformanceReport (reportID, apartmentID, brokerID, applicationsCount, occupancyRate, daysOnMarket, viewCount) values (92, 12, 19, 43, 91.70, 12, 534);
insert into PerformanceReport (reportID, apartmentID, brokerID, applicationsCount, occupancyRate, daysOnMarket, viewCount) values (93, 6, 19, 31, 74.50, 36, 449);
insert into PerformanceReport (reportID, apartmentID, brokerID, applicationsCount, occupancyRate, daysOnMarket, viewCount) values (94, 14, 19, 17, 46.80, 81, 234);
insert into PerformanceReport (reportID, apartmentID, brokerID, applicationsCount, occupancyRate, daysOnMarket, viewCount) values (95, 20, 20, 36, 80.30, 27, 491);
insert into PerformanceReport (reportID, apartmentID, brokerID, applicationsCount, occupancyRate, daysOnMarket, viewCount) values (96, 34, 20, 12, 35.20, 96, 178);
insert into PerformanceReport (reportID, apartmentID, brokerID, applicationsCount, occupancyRate, daysOnMarket, viewCount) values (97, 10, 20, 28, 69.40, 43, 402);
insert into PerformanceReport (reportID, apartmentID, brokerID, applicationsCount, occupancyRate, daysOnMarket, viewCount) values (98, 16, 20, 22, 58.70, 62, 315);
insert into PerformanceReport (reportID, apartmentID, brokerID, applicationsCount, occupancyRate, daysOnMarket, viewCount) values (99, 33, 21, 15, 42.90, 87, 198);
insert into PerformanceReport (reportID, apartmentID, brokerID, applicationsCount, occupancyRate, daysOnMarket, viewCount) values (100, 28, 21, 39, 84.60, 21, 512);
insert into PerformanceReport (reportID, apartmentID, brokerID, applicationsCount, occupancyRate, daysOnMarket, viewCount) values (101, 6, 21, 27, 66.30, 49, 367);
insert into PerformanceReport (reportID, apartmentID, brokerID, applicationsCount, occupancyRate, daysOnMarket, viewCount) values (102, 26, 22, 19, 51.40, 71, 256);
insert into PerformanceReport (reportID, apartmentID, brokerID, applicationsCount, occupancyRate, daysOnMarket, viewCount) values (103, 27, 24, 34, 78.10, 33, 445);
insert into PerformanceReport (reportID, apartmentID, brokerID, applicationsCount, occupancyRate, daysOnMarket, viewCount) values (104, 15, 24, 11, 28.60, 118, 143);
insert into PerformanceReport (reportID, apartmentID, brokerID, applicationsCount, occupancyRate, daysOnMarket, viewCount) values (105, 4, 25, 25, 63.20, 54, 334);
insert into PerformanceReport (reportID, apartmentID, brokerID, applicationsCount, occupancyRate, daysOnMarket, viewCount) values (106, 5, 25, 42, 89.80, 14, 567);
insert into PerformanceReport (reportID, apartmentID, brokerID, applicationsCount, occupancyRate, daysOnMarket, viewCount) values (107, 20, 25, 18, 47.50, 79, 212);
insert into PerformanceReport (reportID, apartmentID, brokerID, applicationsCount, occupancyRate, daysOnMarket, viewCount) values (108, 28, 25, 31, 75.60, 38, 423);
insert into PerformanceReport (reportID, apartmentID, brokerID, applicationsCount, occupancyRate, daysOnMarket, viewCount) values (109, 10, 25, 23, 60.40, 58, 312);
insert into PerformanceReport (reportID, apartmentID, brokerID, applicationsCount, occupancyRate, daysOnMarket, viewCount) values (110, 23, 25, 16, 39.70, 94, 187);
insert into PerformanceReport (reportID, apartmentID, brokerID, applicationsCount, occupancyRate, daysOnMarket, viewCount) values (111, 30, 25, 37, 82.10, 25, 489);
insert into PerformanceReport (reportID, apartmentID, brokerID, applicationsCount, occupancyRate, daysOnMarket, viewCount) values (112, 23, 26, 21, 55.80, 67, 278);
insert into PerformanceReport (reportID, apartmentID, brokerID, applicationsCount, occupancyRate, daysOnMarket, viewCount) values (113, 11, 27, 14, 37.30, 98, 167);
insert into PerformanceReport (reportID, apartmentID, brokerID, applicationsCount, occupancyRate, daysOnMarket, viewCount) values (114, 28, 27, 29, 70.90, 41, 398);
insert into PerformanceReport (reportID, apartmentID, brokerID, applicationsCount, occupancyRate, daysOnMarket, viewCount) values (115, 11, 27, 33, 76.40, 35, 456);
insert into PerformanceReport (reportID, apartmentID, brokerID, applicationsCount, occupancyRate, daysOnMarket, viewCount) values (116, 16, 29, 10, 27.80, 121, 134);
insert into PerformanceReport (reportID, apartmentID, brokerID, applicationsCount, occupancyRate, daysOnMarket, viewCount) values (117, 19, 29, 26, 67.50, 46, 367);
insert into PerformanceReport (reportID, apartmentID, brokerID, applicationsCount, occupancyRate, daysOnMarket, viewCount) values (118, 1, 29, 38, 85.20, 22, 498);

insert into Reports (reportID, adminID, senderID, listingID, performanceReportID, reportType, reportReason, reportedUserID) values (1, 3, 1, 11, 43, 'Inappropriate Content', 'Listing has not been updated in months', 23);
insert into Reports (reportID, adminID, senderID, listingID, performanceReportID, reportType, reportReason, reportedUserID) values (2, 6, 39, 57, null, 'Fraudulent Listing', 'Content violates platform rules', 28);
insert into Reports (reportID, adminID, senderID, listingID, performanceReportID, reportType, reportReason, reportedUserID) values (3, 2, 9, 14, 51, 'Bot Activity', 'Listing has not been updated in months', null);
insert into Reports (reportID, adminID, senderID, listingID, performanceReportID, reportType, reportReason, reportedUserID) values (4, 5, 16, 26, null, 'Outdated Listing', 'Content violates platform rules', null);
insert into Reports (reportID, adminID, senderID, listingID, performanceReportID, reportType, reportReason, reportedUserID) values (5, 10, 37, 17, 11, 'Fraudulent Listing', 'Listing has not been updated in months', 21);
insert into Reports (reportID, adminID, senderID, listingID, performanceReportID, reportType, reportReason, reportedUserID) values (6, 3, 40, 2, null, 'Suspicious Activity', 'User has multiple spam reports', 9);
insert into Reports (reportID, adminID, senderID, listingID, performanceReportID, reportType, reportReason, reportedUserID) values (7, 8, 6, 15, 27, 'Inappropriate Content', 'User is suspected bot', 27);
insert into Reports (reportID, adminID, senderID, listingID, performanceReportID, reportType, reportReason, reportedUserID) values (8, 7, 18, null, 1, 'Fraudulent Listing', 'Content violates platform rules', 19);
insert into Reports (reportID, adminID, senderID, listingID, performanceReportID, reportType, reportReason, reportedUserID) values (9, 7, 22, null, 33, 'Inappropriate Content', 'Listing has not been updated in months', 25);
insert into Reports (reportID, adminID, senderID, listingID, performanceReportID, reportType, reportReason, reportedUserID) values (10, 5, 29, 57, 41, 'Bot Activity', 'User is suspected bot', 33);
insert into Reports (reportID, adminID, senderID, listingID, performanceReportID, reportType, reportReason, reportedUserID) values (11, 10, 27, 44, 51, 'Suspicious Activity', 'User is suspected bot', 25);
insert into Reports (reportID, adminID, senderID, listingID, performanceReportID, reportType, reportReason, reportedUserID) values (12, 2, 36, null, 33, 'Inappropriate Content', 'User is suspected bot', 39);
insert into Reports (reportID, adminID, senderID, listingID, performanceReportID, reportType, reportReason, reportedUserID) values (13, 6, 27, 47, 36, 'Bot Activity', 'Listing has incorrect information', 5);
insert into Reports (reportID, adminID, senderID, listingID, performanceReportID, reportType, reportReason, reportedUserID) values (14, 2, 5, 25, 29, 'Suspicious Activity', 'Listing has incorrect information', null);
insert into Reports (reportID, adminID, senderID, listingID, performanceReportID, reportType, reportReason, reportedUserID) values (15, 6, 25, 22, 52, 'Suspicious Activity', 'User is suspected bot', null);
insert into Reports (reportID, adminID, senderID, listingID, performanceReportID, reportType, reportReason, reportedUserID) values (16, 6, 38, 41, 6, 'Bot Activity', 'Listing has incorrect information', 25);
insert into Reports (reportID, adminID, senderID, listingID, performanceReportID, reportType, reportReason, reportedUserID) values (17, 5, 2, 47, null, 'Suspicious Activity', 'Content violates platform rules', 21);
insert into Reports (reportID, adminID, senderID, listingID, performanceReportID, reportType, reportReason, reportedUserID) values (18, 2, 3, 9, null, 'Fraudulent Listing', 'Listing has not been updated in months', 3);
insert into Reports (reportID, adminID, senderID, listingID, performanceReportID, reportType, reportReason, reportedUserID) values (19, 5, 27, null, null, 'Inappropriate Content', 'Listing has not been updated in months', 12);
insert into Reports (reportID, adminID, senderID, listingID, performanceReportID, reportType, reportReason, reportedUserID) values (20, 6, 2, 58, 15, 'Fraudulent Listing', 'Listing has not been updated in months', 26);
insert into Reports (reportID, adminID, senderID, listingID, performanceReportID, reportType, reportReason, reportedUserID) values (21, 8, 16, 5, 3, 'Fraudulent Listing', 'Content violates platform rules', 2);
insert into Reports (reportID, adminID, senderID, listingID, performanceReportID, reportType, reportReason, reportedUserID) values (22, 8, 40, 7, null, 'Outdated Listing', 'Listing has incorrect information', 20);
insert into Reports (reportID, adminID, senderID, listingID, performanceReportID, reportType, reportReason, reportedUserID) values (23, 9, 5, null, null, 'Fraudulent Listing', 'Listing has incorrect information', null);
insert into Reports (reportID, adminID, senderID, listingID, performanceReportID, reportType, reportReason, reportedUserID) values (24, 10, 8, 39, null, 'Fraudulent Listing', 'User has multiple spam reports', 27);
insert into Reports (reportID, adminID, senderID, listingID, performanceReportID, reportType, reportReason, reportedUserID) values (25, 10, 7, 27, null, 'Suspicious Activity', 'Listing has incorrect information', 40);
insert into Reports (reportID, adminID, senderID, listingID, performanceReportID, reportType, reportReason, reportedUserID) values (26, 9, 5, 31, null, 'Inappropriate Content', 'Listing has incorrect information', null);
insert into Reports (reportID, adminID, senderID, listingID, performanceReportID, reportType, reportReason, reportedUserID) values (27, 8, 31, 34, null, 'Inappropriate Content', 'Listing has incorrect information', 22);
insert into Reports (reportID, adminID, senderID, listingID, performanceReportID, reportType, reportReason, reportedUserID) values (28, 2, 31, null, 55, 'Bot Activity', 'User is suspected bot', 27);
insert into Reports (reportID, adminID, senderID, listingID, performanceReportID, reportType, reportReason, reportedUserID) values (29, 8, 35, 48, null, 'Inappropriate Content', 'User has multiple spam reports', 5);
insert into Reports (reportID, adminID, senderID, listingID, performanceReportID, reportType, reportReason, reportedUserID) values (30, 1, 32, 45, 29, 'Fraudulent Listing', 'Listing has not been updated in months', 18);
insert into Reports (reportID, adminID, senderID, listingID, performanceReportID, reportType, reportReason, reportedUserID) values (31, 7, 32, 5, 34, 'Fraudulent Listing', 'Listing has incorrect information', 5);
insert into Reports (reportID, adminID, senderID, listingID, performanceReportID, reportType, reportReason, reportedUserID) values (32, 1, 4, 48, 37, 'Fraudulent Listing', 'User has multiple spam reports', 34);
insert into Reports (reportID, adminID, senderID, listingID, performanceReportID, reportType, reportReason, reportedUserID) values (33, 5, 8, null, null, 'Fraudulent Listing', 'Listing has not been updated in months', 3);
insert into Reports (reportID, adminID, senderID, listingID, performanceReportID, reportType, reportReason, reportedUserID) values (34, 5, 23, null, 13, 'Bot Activity', 'User has multiple spam reports', null);
insert into Reports (reportID, adminID, senderID, listingID, performanceReportID, reportType, reportReason, reportedUserID) values (35, 4, 20, null, 31, 'Fraudulent Listing', 'Listing has incorrect information', null);
insert into Reports (reportID, adminID, senderID, listingID, performanceReportID, reportType, reportReason, reportedUserID) values (36, 10, 19, 51, 24, 'Fraudulent Listing', 'Content violates platform rules', 40);
insert into Reports (reportID, adminID, senderID, listingID, performanceReportID, reportType, reportReason, reportedUserID) values (37, 9, 22, 50, 39, 'Inappropriate Content', 'User is suspected bot', 32);
insert into Reports (reportID, adminID, senderID, listingID, performanceReportID, reportType, reportReason, reportedUserID) values (38, 6, 1, 10, null, 'Outdated Listing', 'Listing has incorrect information', 27);
insert into Reports (reportID, adminID, senderID, listingID, performanceReportID, reportType, reportReason, reportedUserID) values (39, 10, 13, 4, null, 'Fraudulent Listing', 'Content violates platform rules', 3);
insert into Reports (reportID, adminID, senderID, listingID, performanceReportID, reportType, reportReason, reportedUserID) values (40, 1, 8, 57, 31, 'Inappropriate Content', 'User has multiple spam reports', 12);
insert into Reports (reportID, adminID, senderID, listingID, performanceReportID, reportType, reportReason, reportedUserID) values (41, 1, 12, null, null, 'Bot Activity', 'Content violates platform rules', null);
insert into Reports (reportID, adminID, senderID, listingID, performanceReportID, reportType, reportReason, reportedUserID) values (42, 2, 13, 31, 32, 'Inappropriate Content', 'User is suspected bot', 33);
insert into Reports (reportID, adminID, senderID, listingID, performanceReportID, reportType, reportReason, reportedUserID) values (43, 9, 13, null, 2, 'Bot Activity', 'Listing has incorrect information', 23);
insert into Reports (reportID, adminID, senderID, listingID, performanceReportID, reportType, reportReason, reportedUserID) values (44, 5, 22, 5, 6, 'Outdated Listing', 'Content violates platform rules', 12);
insert into Reports (reportID, adminID, senderID, listingID, performanceReportID, reportType, reportReason, reportedUserID) values (45, 9, 25, 17, null, 'Outdated Listing', 'User is suspected bot', 1);
insert into Reports (reportID, adminID, senderID, listingID, performanceReportID, reportType, reportReason, reportedUserID) values (46, 1, 18, 6, null, 'Outdated Listing', 'User is suspected bot', null);
insert into Reports (reportID, adminID, senderID, listingID, performanceReportID, reportType, reportReason, reportedUserID) values (47, 10, 21, null, 24, 'Suspicious Activity', 'User has multiple spam reports', 18);
insert into Reports (reportID, adminID, senderID, listingID, performanceReportID, reportType, reportReason, reportedUserID) values (48, 9, 33, 45, 44, 'Bot Activity', 'Listing has incorrect information', 27);
insert into Reports (reportID, adminID, senderID, listingID, performanceReportID, reportType, reportReason, reportedUserID) values (49, 5, 26, 56, 46, 'Inappropriate Content', 'User is suspected bot', 40);
insert into Reports (reportID, adminID, senderID, listingID, performanceReportID, reportType, reportReason, reportedUserID) values (50, 4, 13, 33, 21, 'Suspicious Activity', 'User has multiple spam reports', 10);
insert into Reports (reportID, adminID, senderID, listingID, performanceReportID, reportType, reportReason, reportedUserID) values (51, 7, 29, 45, null, 'Outdated Listing', 'Listing has incorrect information', null);
insert into Reports (reportID, adminID, senderID, listingID, performanceReportID, reportType, reportReason, reportedUserID) values (52, 9, 5, 25, null, 'Outdated Listing', 'Listing has incorrect information', null);
insert into Reports (reportID, adminID, senderID, listingID, performanceReportID, reportType, reportReason, reportedUserID) values (53, 10, 40, 25, 34, 'Outdated Listing', 'Content violates platform rules', null);
insert into Reports (reportID, adminID, senderID, listingID, performanceReportID, reportType, reportReason, reportedUserID) values (54, 3, 19, 38, null, 'Inappropriate Content', 'User has multiple spam reports', 5);
insert into Reports (reportID, adminID, senderID, listingID, performanceReportID, reportType, reportReason, reportedUserID) values (55, 8, 36, 15, 48, 'Fraudulent Listing', 'Listing has incorrect information', 3);
insert into Reports (reportID, adminID, senderID, listingID, performanceReportID, reportType, reportReason, reportedUserID) values (56, 4, 28, 31, 9, 'Bot Activity', 'Listing has not been updated in months', 1);
insert into Reports (reportID, adminID, senderID, listingID, performanceReportID, reportType, reportReason, reportedUserID) values (57, 6, 39, 13, null, 'Suspicious Activity', 'Content violates platform rules', 23);
insert into Reports (reportID, adminID, senderID, listingID, performanceReportID, reportType, reportReason, reportedUserID) values (58, 7, 23, 51, 16, 'Bot Activity', 'User has multiple spam reports', 29);
insert into Reports (reportID, adminID, senderID, listingID, performanceReportID, reportType, reportReason, reportedUserID) values (59, 10, 13, null, null, 'Inappropriate Content', 'User is suspected bot', 25);
insert into Reports (reportID, adminID, senderID, listingID, performanceReportID, reportType, reportReason, reportedUserID) values (60, 5, 38, 18, 45, 'Outdated Listing', 'User is suspected bot', 24);

insert into ModerationAction (actionID, adminID, userID, listingID, reportID, actionType, actionStatus, actionDate, actionReason) values (1, 10, 20, 46, 5, 'Suspended', 'Completed', '2026-02-21', 'User account reinstated after review');
insert into ModerationAction (actionID, adminID, userID, listingID, reportID, actionType, actionStatus, actionDate, actionReason) values (2, 3, 31, 33, 20, 'Suspended', 'Under Review', '2025-07-29', 'User suspended for suspicious activity');
insert into ModerationAction (actionID, adminID, userID, listingID, reportID, actionType, actionStatus, actionDate, actionReason) values (3, 3, 35, 37, null, 'Rejected', 'Under Review', '2025-01-02', 'Listing archived due to inactivity');
insert into ModerationAction (actionID, adminID, userID, listingID, reportID, actionType, actionStatus, actionDate, actionReason) values (4, 3, 14, 21, 55, 'Flagged', 'Under Review', '2025-11-09', 'User account reinstated after review');
insert into ModerationAction (actionID, adminID, userID, listingID, reportID, actionType, actionStatus, actionDate, actionReason) values (5, 5, 13, 38, null, 'Rejected', 'Completed', '2025-10-07', 'Listing verified and approved');
insert into ModerationAction (actionID, adminID, userID, listingID, reportID, actionType, actionStatus, actionDate, actionReason) values (6, 8, 8, 38, 51, 'Suspended', 'Pending', '2026-03-08', 'User account reinstated after review');
insert into ModerationAction (actionID, adminID, userID, listingID, reportID, actionType, actionStatus, actionDate, actionReason) values (7, 9, 22, 43, null, 'Rejected', 'Completed', '2025-01-07', 'User suspended for suspicious activity');
insert into ModerationAction (actionID, adminID, userID, listingID, reportID, actionType, actionStatus, actionDate, actionReason) values (8, 2, 37, 56, 37, 'Suspended', 'Under Review', '2025-09-10', 'Listing verified and approved');
insert into ModerationAction (actionID, adminID, userID, listingID, reportID, actionType, actionStatus, actionDate, actionReason) values (9, 9, 11, 1, 40, 'Suspended', 'Pending', '2025-05-25', 'User account reinstated after review');
insert into ModerationAction (actionID, adminID, userID, listingID, reportID, actionType, actionStatus, actionDate, actionReason) values (10, 1, 33, 44, 56, 'Approved', 'Under Review', '2025-12-27', 'Listing verified and approved');
insert into ModerationAction (actionID, adminID, userID, listingID, reportID, actionType, actionStatus, actionDate, actionReason) values (11, 9, 10, 23, null, 'Suspended', 'Under Review', '2025-07-07', 'Listing archived due to inactivity');
insert into ModerationAction (actionID, adminID, userID, listingID, reportID, actionType, actionStatus, actionDate, actionReason) values (12, 9, 37, 11, 26, 'Flagged', 'Completed', '2025-09-17', 'Content flagged for review');
insert into ModerationAction (actionID, adminID, userID, listingID, reportID, actionType, actionStatus, actionDate, actionReason) values (13, 3, 37, 7, 31, 'Suspended', 'Pending', null, 'Content flagged for review');
insert into ModerationAction (actionID, adminID, userID, listingID, reportID, actionType, actionStatus, actionDate, actionReason) values (14, 7, 1, 40, 46, 'Approved', 'Completed', null, 'Listing verified and approved');
insert into ModerationAction (actionID, adminID, userID, listingID, reportID, actionType, actionStatus, actionDate, actionReason) values (15, 7, 11, 58, null, 'Approved', 'Under Review', '2025-10-08', 'User account reinstated after review');
insert into ModerationAction (actionID, adminID, userID, listingID, reportID, actionType, actionStatus, actionDate, actionReason) values (16, 7, 37, 40, 40, 'Flagged', 'Pending', '2025-05-17', 'Listing archived due to inactivity');
insert into ModerationAction (actionID, adminID, userID, listingID, reportID, actionType, actionStatus, actionDate, actionReason) values (17, 10, 19, 3, 14, 'Archived', 'Pending', '2025-12-06', 'Listing archived due to inactivity');
insert into ModerationAction (actionID, adminID, userID, listingID, reportID, actionType, actionStatus, actionDate, actionReason) values (18, 8, 4, 55, null, 'Flagged', 'Completed', null, 'Content flagged for review');
insert into ModerationAction (actionID, adminID, userID, listingID, reportID, actionType, actionStatus, actionDate, actionReason) values (19, 8, 34, 28, 23, 'Suspended', 'Pending', '2025-06-15', 'User suspended for suspicious activity');
insert into ModerationAction (actionID, adminID, userID, listingID, reportID, actionType, actionStatus, actionDate, actionReason) values (20, 5, 31, 42, null, 'Archived', 'Under Review', '2025-07-16', 'User account reinstated after review');
insert into ModerationAction (actionID, adminID, userID, listingID, reportID, actionType, actionStatus, actionDate, actionReason) values (21, 1, 24, 3, null, 'Rejected', 'Completed', '2025-03-24', 'Content flagged for review');
insert into ModerationAction (actionID, adminID, userID, listingID, reportID, actionType, actionStatus, actionDate, actionReason) values (22, 9, 8, 30, 10, 'Flagged', 'Under Review', '2025-09-28', 'Content flagged for review');
insert into ModerationAction (actionID, adminID, userID, listingID, reportID, actionType, actionStatus, actionDate, actionReason) values (23, 5, 29, 3, null, 'Approved', 'Completed', '2025-02-17', 'Content flagged for review');
insert into ModerationAction (actionID, adminID, userID, listingID, reportID, actionType, actionStatus, actionDate, actionReason) values (24, 5, 40, 37, null, 'Suspended', 'Under Review', '2025-08-16', 'User suspended for suspicious activity');
insert into ModerationAction (actionID, adminID, userID, listingID, reportID, actionType, actionStatus, actionDate, actionReason) values (25, 8, 25, 33, 57, 'Flagged', 'Pending', '2025-02-22', 'User suspended for suspicious activity');
insert into ModerationAction (actionID, adminID, userID, listingID, reportID, actionType, actionStatus, actionDate, actionReason) values (26, 3, 17, 39, null, 'Flagged', 'Pending', '2025-01-17', 'User suspended for suspicious activity');
insert into ModerationAction (actionID, adminID, userID, listingID, reportID, actionType, actionStatus, actionDate, actionReason) values (27, 7, 29, 50, 24, 'Suspended', 'Under Review', '2025-03-24', 'User suspended for suspicious activity');
insert into ModerationAction (actionID, adminID, userID, listingID, reportID, actionType, actionStatus, actionDate, actionReason) values (28, 4, 17, 60, 43, 'Suspended', 'Completed', '2025-11-15', 'Listing verified and approved');
insert into ModerationAction (actionID, adminID, userID, listingID, reportID, actionType, actionStatus, actionDate, actionReason) values (29, 2, 29, 2, null, 'Archived', 'Completed', null, 'Content flagged for review');
insert into ModerationAction (actionID, adminID, userID, listingID, reportID, actionType, actionStatus, actionDate, actionReason) values (30, 1, 30, 35, null, 'Flagged', 'Under Review', '2025-10-05', 'User suspended for suspicious activity');
insert into ModerationAction (actionID, adminID, userID, listingID, reportID, actionType, actionStatus, actionDate, actionReason) values (31, 6, 13, 44, 39, 'Rejected', 'Pending', '2025-08-30', 'User account reinstated after review');
insert into ModerationAction (actionID, adminID, userID, listingID, reportID, actionType, actionStatus, actionDate, actionReason) values (32, 7, 31, 13, null, 'Rejected', 'Under Review', '2025-08-18', 'User account reinstated after review');
insert into ModerationAction (actionID, adminID, userID, listingID, reportID, actionType, actionStatus, actionDate, actionReason) values (33, 10, 25, 39, 11, 'Suspended', 'Pending', '2025-09-02', 'Content flagged for review');
insert into ModerationAction (actionID, adminID, userID, listingID, reportID, actionType, actionStatus, actionDate, actionReason) values (34, 2, 7, 55, 40, 'Rejected', 'Completed', '2025-08-21', 'User account reinstated after review');
insert into ModerationAction (actionID, adminID, userID, listingID, reportID, actionType, actionStatus, actionDate, actionReason) values (35, 10, 13, 6, null, 'Flagged', 'Completed', '2026-01-05', 'User account reinstated after review');
insert into ModerationAction (actionID, adminID, userID, listingID, reportID, actionType, actionStatus, actionDate, actionReason) values (36, 10, 7, 42, 34, 'Approved', 'Under Review', '2025-05-15', 'Listing archived due to inactivity');
insert into ModerationAction (actionID, adminID, userID, listingID, reportID, actionType, actionStatus, actionDate, actionReason) values (37, 10, 21, 52, 52, 'Suspended', 'Completed', '2025-11-10', 'User suspended for suspicious activity');
insert into ModerationAction (actionID, adminID, userID, listingID, reportID, actionType, actionStatus, actionDate, actionReason) values (38, 8, 25, 44, null, 'Suspended', 'Pending', null, 'User suspended for suspicious activity');
insert into ModerationAction (actionID, adminID, userID, listingID, reportID, actionType, actionStatus, actionDate, actionReason) values (39, 4, 9, 4, 16, 'Archived', 'Completed', '2025-09-30', 'Listing archived due to inactivity');
insert into ModerationAction (actionID, adminID, userID, listingID, reportID, actionType, actionStatus, actionDate, actionReason) values (40, 7, 22, 11, 15, 'Rejected', 'Under Review', '2025-01-28', 'Listing archived due to inactivity');
insert into ModerationAction (actionID, adminID, userID, listingID, reportID, actionType, actionStatus, actionDate, actionReason) values (41, 6, 33, 6, 15, 'Archived', 'Under Review', '2025-02-11', 'User suspended for suspicious activity');
insert into ModerationAction (actionID, adminID, userID, listingID, reportID, actionType, actionStatus, actionDate, actionReason) values (42, 5, 30, 41, 11, 'Approved', 'Under Review', '2025-07-30', 'Listing archived due to inactivity');
insert into ModerationAction (actionID, adminID, userID, listingID, reportID, actionType, actionStatus, actionDate, actionReason) values (43, 9, 10, 6, 18, 'Archived', 'Completed', '2025-07-11', 'User account reinstated after review');
insert into ModerationAction (actionID, adminID, userID, listingID, reportID, actionType, actionStatus, actionDate, actionReason) values (44, 3, 24, 10, null, 'Flagged', 'Pending', '2025-07-06', 'Listing verified and approved');
insert into ModerationAction (actionID, adminID, userID, listingID, reportID, actionType, actionStatus, actionDate, actionReason) values (45, 5, 23, 1, 25, 'Approved', 'Under Review', '2026-03-26', 'User account reinstated after review');
insert into ModerationAction (actionID, adminID, userID, listingID, reportID, actionType, actionStatus, actionDate, actionReason) values (46, 2, 36, 10, 5, 'Rejected', 'Completed', null, 'Listing archived due to inactivity');
insert into ModerationAction (actionID, adminID, userID, listingID, reportID, actionType, actionStatus, actionDate, actionReason) values (47, 6, 13, 58, 6, 'Approved', 'Under Review', '2025-12-23', 'User account reinstated after review');
insert into ModerationAction (actionID, adminID, userID, listingID, reportID, actionType, actionStatus, actionDate, actionReason) values (48, 3, 7, 26, 32, 'Rejected', 'Under Review', '2025-10-04', 'Content flagged for review');
insert into ModerationAction (actionID, adminID, userID, listingID, reportID, actionType, actionStatus, actionDate, actionReason) values (49, 8, 26, 24, 36, 'Flagged', 'Pending', '2026-02-10', 'Content flagged for review');
insert into ModerationAction (actionID, adminID, userID, listingID, reportID, actionType, actionStatus, actionDate, actionReason) values (50, 9, 32, 23, 49, 'Flagged', 'Pending', '2025-04-07', 'Content flagged for review');
insert into ModerationAction (actionID, adminID, userID, listingID, reportID, actionType, actionStatus, actionDate, actionReason) values (51, 3, 16, 5, 24, 'Flagged', 'Pending', '2025-11-14', 'User account reinstated after review');
insert into ModerationAction (actionID, adminID, userID, listingID, reportID, actionType, actionStatus, actionDate, actionReason) values (52, 3, 20, 48, null, 'Suspended', 'Under Review', '2025-09-25', 'Listing archived due to inactivity');
insert into ModerationAction (actionID, adminID, userID, listingID, reportID, actionType, actionStatus, actionDate, actionReason) values (53, 8, 29, 47, 14, 'Archived', 'Under Review', '2025-03-14', 'User account reinstated after review');
insert into ModerationAction (actionID, adminID, userID, listingID, reportID, actionType, actionStatus, actionDate, actionReason) values (54, 2, 30, 26, 33, 'Approved', 'Under Review', null, 'User account reinstated after review');
insert into ModerationAction (actionID, adminID, userID, listingID, reportID, actionType, actionStatus, actionDate, actionReason) values (55, 7, 15, 17, null, 'Suspended', 'Under Review', '2025-02-27', 'Content flagged for review');
insert into ModerationAction (actionID, adminID, userID, listingID, reportID, actionType, actionStatus, actionDate, actionReason) values (56, 6, 1, 12, 13, 'Archived', 'Under Review', null, 'User account reinstated after review');
insert into ModerationAction (actionID, adminID, userID, listingID, reportID, actionType, actionStatus, actionDate, actionReason) values (57, 1, 18, 39, 57, 'Archived', 'Under Review', '2025-10-02', 'User account reinstated after review');
insert into ModerationAction (actionID, adminID, userID, listingID, reportID, actionType, actionStatus, actionDate, actionReason) values (58, 8, 40, 50, null, 'Flagged', 'Pending', '2026-01-20', 'Content flagged for review');
insert into ModerationAction (actionID, adminID, userID, listingID, reportID, actionType, actionStatus, actionDate, actionReason) values (59, 7, 3, 43, 13, 'Archived', 'Under Review', '2025-07-04', 'User account reinstated after review');
insert into ModerationAction (actionID, adminID, userID, listingID, reportID, actionType, actionStatus, actionDate, actionReason) values (60, 5, 27, 21, 16, 'Suspended', 'Under Review', '2025-04-07', 'User account reinstated after review');

insert into ApartmentAmenities (apartmentID, featureID) values (1, 1);
insert into ApartmentAmenities (apartmentID, featureID) values (1, 36);
insert into ApartmentAmenities (apartmentID, featureID) values (1, 71);
insert into ApartmentAmenities (apartmentID, featureID) values (1, 106);
insert into ApartmentAmenities (apartmentID, featureID) values (1, 141);
insert into ApartmentAmenities (apartmentID, featureID) values (1, 176);
insert into ApartmentAmenities (apartmentID, featureID) values (1, 211);
insert into ApartmentAmenities (apartmentID, featureID) values (1, 246);
insert into ApartmentAmenities (apartmentID, featureID) values (2, 2);
insert into ApartmentAmenities (apartmentID, featureID) values (2, 37);
insert into ApartmentAmenities (apartmentID, featureID) values (2, 72);
insert into ApartmentAmenities (apartmentID, featureID) values (2, 107);
insert into ApartmentAmenities (apartmentID, featureID) values (2, 142);
insert into ApartmentAmenities (apartmentID, featureID) values (2, 177);
insert into ApartmentAmenities (apartmentID, featureID) values (2, 212);
insert into ApartmentAmenities (apartmentID, featureID) values (2, 247);
insert into ApartmentAmenities (apartmentID, featureID) values (3, 3);
insert into ApartmentAmenities (apartmentID, featureID) values (3, 38);
insert into ApartmentAmenities (apartmentID, featureID) values (3, 73);
insert into ApartmentAmenities (apartmentID, featureID) values (3, 108);
insert into ApartmentAmenities (apartmentID, featureID) values (3, 143);
insert into ApartmentAmenities (apartmentID, featureID) values (3, 178);
insert into ApartmentAmenities (apartmentID, featureID) values (3, 213);
insert into ApartmentAmenities (apartmentID, featureID) values (3, 248);
insert into ApartmentAmenities (apartmentID, featureID) values (4, 4);
insert into ApartmentAmenities (apartmentID, featureID) values (4, 39);
insert into ApartmentAmenities (apartmentID, featureID) values (4, 74);
insert into ApartmentAmenities (apartmentID, featureID) values (4, 109);
insert into ApartmentAmenities (apartmentID, featureID) values (4, 144);
insert into ApartmentAmenities (apartmentID, featureID) values (4, 179);
insert into ApartmentAmenities (apartmentID, featureID) values (4, 214);
insert into ApartmentAmenities (apartmentID, featureID) values (4, 249);
insert into ApartmentAmenities (apartmentID, featureID) values (5, 5);
insert into ApartmentAmenities (apartmentID, featureID) values (5, 40);
insert into ApartmentAmenities (apartmentID, featureID) values (5, 75);
insert into ApartmentAmenities (apartmentID, featureID) values (5, 110);
insert into ApartmentAmenities (apartmentID, featureID) values (5, 145);
insert into ApartmentAmenities (apartmentID, featureID) values (5, 180);
insert into ApartmentAmenities (apartmentID, featureID) values (5, 215);
insert into ApartmentAmenities (apartmentID, featureID) values (5, 250);
insert into ApartmentAmenities (apartmentID, featureID) values (6, 6);
insert into ApartmentAmenities (apartmentID, featureID) values (6, 41);
insert into ApartmentAmenities (apartmentID, featureID) values (6, 76);
insert into ApartmentAmenities (apartmentID, featureID) values (6, 111);
insert into ApartmentAmenities (apartmentID, featureID) values (6, 146);
insert into ApartmentAmenities (apartmentID, featureID) values (6, 181);
insert into ApartmentAmenities (apartmentID, featureID) values (6, 216);
insert into ApartmentAmenities (apartmentID, featureID) values (6, 251);
insert into ApartmentAmenities (apartmentID, featureID) values (7, 7);
insert into ApartmentAmenities (apartmentID, featureID) values (7, 42);
insert into ApartmentAmenities (apartmentID, featureID) values (7, 77);
insert into ApartmentAmenities (apartmentID, featureID) values (7, 112);
insert into ApartmentAmenities (apartmentID, featureID) values (7, 147);
insert into ApartmentAmenities (apartmentID, featureID) values (7, 182);
insert into ApartmentAmenities (apartmentID, featureID) values (7, 217);
insert into ApartmentAmenities (apartmentID, featureID) values (7, 252);
insert into ApartmentAmenities (apartmentID, featureID) values (8, 8);
insert into ApartmentAmenities (apartmentID, featureID) values (8, 43);
insert into ApartmentAmenities (apartmentID, featureID) values (8, 78);
insert into ApartmentAmenities (apartmentID, featureID) values (8, 113);
insert into ApartmentAmenities (apartmentID, featureID) values (8, 148);
insert into ApartmentAmenities (apartmentID, featureID) values (8, 183);
insert into ApartmentAmenities (apartmentID, featureID) values (8, 218);
insert into ApartmentAmenities (apartmentID, featureID) values (8, 253);
insert into ApartmentAmenities (apartmentID, featureID) values (9, 9);
insert into ApartmentAmenities (apartmentID, featureID) values (9, 44);
insert into ApartmentAmenities (apartmentID, featureID) values (9, 79);
insert into ApartmentAmenities (apartmentID, featureID) values (9, 114);
insert into ApartmentAmenities (apartmentID, featureID) values (9, 149);
insert into ApartmentAmenities (apartmentID, featureID) values (9, 184);
insert into ApartmentAmenities (apartmentID, featureID) values (9, 219);
insert into ApartmentAmenities (apartmentID, featureID) values (9, 254);
insert into ApartmentAmenities (apartmentID, featureID) values (10, 10);
insert into ApartmentAmenities (apartmentID, featureID) values (10, 45);
insert into ApartmentAmenities (apartmentID, featureID) values (10, 80);
insert into ApartmentAmenities (apartmentID, featureID) values (10, 115);
insert into ApartmentAmenities (apartmentID, featureID) values (10, 150);
insert into ApartmentAmenities (apartmentID, featureID) values (10, 185);
insert into ApartmentAmenities (apartmentID, featureID) values (10, 220);
insert into ApartmentAmenities (apartmentID, featureID) values (10, 255);
insert into ApartmentAmenities (apartmentID, featureID) values (11, 11);
insert into ApartmentAmenities (apartmentID, featureID) values (11, 46);
insert into ApartmentAmenities (apartmentID, featureID) values (11, 81);
insert into ApartmentAmenities (apartmentID, featureID) values (11, 116);
insert into ApartmentAmenities (apartmentID, featureID) values (11, 151);
insert into ApartmentAmenities (apartmentID, featureID) values (11, 186);
insert into ApartmentAmenities (apartmentID, featureID) values (11, 221);
insert into ApartmentAmenities (apartmentID, featureID) values (11, 256);
insert into ApartmentAmenities (apartmentID, featureID) values (12, 12);
insert into ApartmentAmenities (apartmentID, featureID) values (12, 47);
insert into ApartmentAmenities (apartmentID, featureID) values (12, 82);
insert into ApartmentAmenities (apartmentID, featureID) values (12, 117);
insert into ApartmentAmenities (apartmentID, featureID) values (12, 152);
insert into ApartmentAmenities (apartmentID, featureID) values (12, 187);
insert into ApartmentAmenities (apartmentID, featureID) values (12, 222);
insert into ApartmentAmenities (apartmentID, featureID) values (12, 257);
insert into ApartmentAmenities (apartmentID, featureID) values (13, 13);
insert into ApartmentAmenities (apartmentID, featureID) values (13, 48);
insert into ApartmentAmenities (apartmentID, featureID) values (13, 83);
insert into ApartmentAmenities (apartmentID, featureID) values (13, 118);
insert into ApartmentAmenities (apartmentID, featureID) values (13, 153);
insert into ApartmentAmenities (apartmentID, featureID) values (13, 188);
insert into ApartmentAmenities (apartmentID, featureID) values (13, 223);
insert into ApartmentAmenities (apartmentID, featureID) values (13, 258);
insert into ApartmentAmenities (apartmentID, featureID) values (14, 14);
insert into ApartmentAmenities (apartmentID, featureID) values (14, 49);
insert into ApartmentAmenities (apartmentID, featureID) values (14, 84);
insert into ApartmentAmenities (apartmentID, featureID) values (14, 119);
insert into ApartmentAmenities (apartmentID, featureID) values (14, 154);
insert into ApartmentAmenities (apartmentID, featureID) values (14, 189);
insert into ApartmentAmenities (apartmentID, featureID) values (14, 224);
insert into ApartmentAmenities (apartmentID, featureID) values (14, 259);
insert into ApartmentAmenities (apartmentID, featureID) values (15, 15);
insert into ApartmentAmenities (apartmentID, featureID) values (15, 50);
insert into ApartmentAmenities (apartmentID, featureID) values (15, 85);
insert into ApartmentAmenities (apartmentID, featureID) values (15, 120);
insert into ApartmentAmenities (apartmentID, featureID) values (15, 155);
insert into ApartmentAmenities (apartmentID, featureID) values (15, 190);
insert into ApartmentAmenities (apartmentID, featureID) values (15, 225);
insert into ApartmentAmenities (apartmentID, featureID) values (15, 260);
insert into ApartmentAmenities (apartmentID, featureID) values (16, 16);
insert into ApartmentAmenities (apartmentID, featureID) values (16, 51);
insert into ApartmentAmenities (apartmentID, featureID) values (16, 86);
insert into ApartmentAmenities (apartmentID, featureID) values (16, 121);
insert into ApartmentAmenities (apartmentID, featureID) values (16, 156);
insert into ApartmentAmenities (apartmentID, featureID) values (16, 191);
insert into ApartmentAmenities (apartmentID, featureID) values (16, 226);
insert into ApartmentAmenities (apartmentID, featureID) values (16, 261);
insert into ApartmentAmenities (apartmentID, featureID) values (17, 17);
insert into ApartmentAmenities (apartmentID, featureID) values (17, 52);
insert into ApartmentAmenities (apartmentID, featureID) values (17, 87);
insert into ApartmentAmenities (apartmentID, featureID) values (17, 122);
insert into ApartmentAmenities (apartmentID, featureID) values (17, 157);
insert into ApartmentAmenities (apartmentID, featureID) values (17, 192);
insert into ApartmentAmenities (apartmentID, featureID) values (17, 227);
insert into ApartmentAmenities (apartmentID, featureID) values (17, 262);
insert into ApartmentAmenities (apartmentID, featureID) values (18, 18);
insert into ApartmentAmenities (apartmentID, featureID) values (18, 53);
insert into ApartmentAmenities (apartmentID, featureID) values (18, 88);
insert into ApartmentAmenities (apartmentID, featureID) values (18, 123);
insert into ApartmentAmenities (apartmentID, featureID) values (18, 158);
insert into ApartmentAmenities (apartmentID, featureID) values (18, 193);
insert into ApartmentAmenities (apartmentID, featureID) values (18, 228);
insert into ApartmentAmenities (apartmentID, featureID) values (18, 263);
insert into ApartmentAmenities (apartmentID, featureID) values (19, 19);
insert into ApartmentAmenities (apartmentID, featureID) values (19, 54);
insert into ApartmentAmenities (apartmentID, featureID) values (19, 89);
insert into ApartmentAmenities (apartmentID, featureID) values (19, 124);
insert into ApartmentAmenities (apartmentID, featureID) values (19, 159);
insert into ApartmentAmenities (apartmentID, featureID) values (19, 194);
insert into ApartmentAmenities (apartmentID, featureID) values (19, 229);
insert into ApartmentAmenities (apartmentID, featureID) values (19, 264);
insert into ApartmentAmenities (apartmentID, featureID) values (20, 20);
insert into ApartmentAmenities (apartmentID, featureID) values (20, 55);
insert into ApartmentAmenities (apartmentID, featureID) values (20, 90);
insert into ApartmentAmenities (apartmentID, featureID) values (20, 125);
insert into ApartmentAmenities (apartmentID, featureID) values (20, 160);
insert into ApartmentAmenities (apartmentID, featureID) values (20, 195);
insert into ApartmentAmenities (apartmentID, featureID) values (20, 230);
insert into ApartmentAmenities (apartmentID, featureID) values (20, 265);
insert into ApartmentAmenities (apartmentID, featureID) values (21, 21);
insert into ApartmentAmenities (apartmentID, featureID) values (21, 56);
insert into ApartmentAmenities (apartmentID, featureID) values (21, 91);
insert into ApartmentAmenities (apartmentID, featureID) values (21, 126);
insert into ApartmentAmenities (apartmentID, featureID) values (21, 161);
insert into ApartmentAmenities (apartmentID, featureID) values (21, 196);
insert into ApartmentAmenities (apartmentID, featureID) values (21, 231);
insert into ApartmentAmenities (apartmentID, featureID) values (21, 266);
insert into ApartmentAmenities (apartmentID, featureID) values (22, 22);
insert into ApartmentAmenities (apartmentID, featureID) values (22, 57);
insert into ApartmentAmenities (apartmentID, featureID) values (22, 92);
insert into ApartmentAmenities (apartmentID, featureID) values (22, 127);
insert into ApartmentAmenities (apartmentID, featureID) values (22, 162);
insert into ApartmentAmenities (apartmentID, featureID) values (22, 197);
insert into ApartmentAmenities (apartmentID, featureID) values (22, 232);
insert into ApartmentAmenities (apartmentID, featureID) values (22, 267);
insert into ApartmentAmenities (apartmentID, featureID) values (23, 23);
insert into ApartmentAmenities (apartmentID, featureID) values (23, 58);
insert into ApartmentAmenities (apartmentID, featureID) values (23, 93);
insert into ApartmentAmenities (apartmentID, featureID) values (23, 128);
insert into ApartmentAmenities (apartmentID, featureID) values (23, 163);
insert into ApartmentAmenities (apartmentID, featureID) values (23, 198);
insert into ApartmentAmenities (apartmentID, featureID) values (23, 233);
insert into ApartmentAmenities (apartmentID, featureID) values (23, 268);
insert into ApartmentAmenities (apartmentID, featureID) values (24, 24);
insert into ApartmentAmenities (apartmentID, featureID) values (24, 59);
insert into ApartmentAmenities (apartmentID, featureID) values (24, 94);
insert into ApartmentAmenities (apartmentID, featureID) values (24, 129);
insert into ApartmentAmenities (apartmentID, featureID) values (24, 164);
insert into ApartmentAmenities (apartmentID, featureID) values (24, 199);
insert into ApartmentAmenities (apartmentID, featureID) values (24, 234);
insert into ApartmentAmenities (apartmentID, featureID) values (24, 269);
insert into ApartmentAmenities (apartmentID, featureID) values (25, 25);
insert into ApartmentAmenities (apartmentID, featureID) values (25, 60);
insert into ApartmentAmenities (apartmentID, featureID) values (25, 95);
insert into ApartmentAmenities (apartmentID, featureID) values (25, 130);
insert into ApartmentAmenities (apartmentID, featureID) values (25, 165);
insert into ApartmentAmenities (apartmentID, featureID) values (25, 200);
insert into ApartmentAmenities (apartmentID, featureID) values (25, 235);
insert into ApartmentAmenities (apartmentID, featureID) values (25, 270);
insert into ApartmentAmenities (apartmentID, featureID) values (26, 26);
insert into ApartmentAmenities (apartmentID, featureID) values (26, 61);
insert into ApartmentAmenities (apartmentID, featureID) values (26, 96);
insert into ApartmentAmenities (apartmentID, featureID) values (26, 131);
insert into ApartmentAmenities (apartmentID, featureID) values (26, 166);
insert into ApartmentAmenities (apartmentID, featureID) values (26, 201);
insert into ApartmentAmenities (apartmentID, featureID) values (26, 236);
insert into ApartmentAmenities (apartmentID, featureID) values (26, 271);
insert into ApartmentAmenities (apartmentID, featureID) values (27, 27);
insert into ApartmentAmenities (apartmentID, featureID) values (27, 62);
insert into ApartmentAmenities (apartmentID, featureID) values (27, 97);
insert into ApartmentAmenities (apartmentID, featureID) values (27, 132);
insert into ApartmentAmenities (apartmentID, featureID) values (27, 167);
insert into ApartmentAmenities (apartmentID, featureID) values (27, 202);
insert into ApartmentAmenities (apartmentID, featureID) values (27, 237);
insert into ApartmentAmenities (apartmentID, featureID) values (27, 272);
insert into ApartmentAmenities (apartmentID, featureID) values (28, 28);
insert into ApartmentAmenities (apartmentID, featureID) values (28, 63);
insert into ApartmentAmenities (apartmentID, featureID) values (28, 98);
insert into ApartmentAmenities (apartmentID, featureID) values (28, 133);
insert into ApartmentAmenities (apartmentID, featureID) values (28, 168);
insert into ApartmentAmenities (apartmentID, featureID) values (28, 203);
insert into ApartmentAmenities (apartmentID, featureID) values (28, 238);
insert into ApartmentAmenities (apartmentID, featureID) values (28, 273);
insert into ApartmentAmenities (apartmentID, featureID) values (29, 29);
insert into ApartmentAmenities (apartmentID, featureID) values (29, 64);
insert into ApartmentAmenities (apartmentID, featureID) values (29, 99);
insert into ApartmentAmenities (apartmentID, featureID) values (29, 134);
insert into ApartmentAmenities (apartmentID, featureID) values (29, 169);
insert into ApartmentAmenities (apartmentID, featureID) values (29, 204);
insert into ApartmentAmenities (apartmentID, featureID) values (29, 239);
insert into ApartmentAmenities (apartmentID, featureID) values (29, 274);
insert into ApartmentAmenities (apartmentID, featureID) values (30, 30);
insert into ApartmentAmenities (apartmentID, featureID) values (30, 65);
insert into ApartmentAmenities (apartmentID, featureID) values (30, 100);
insert into ApartmentAmenities (apartmentID, featureID) values (30, 135);
insert into ApartmentAmenities (apartmentID, featureID) values (30, 170);
insert into ApartmentAmenities (apartmentID, featureID) values (30, 205);
insert into ApartmentAmenities (apartmentID, featureID) values (30, 240);
insert into ApartmentAmenities (apartmentID, featureID) values (30, 275);
insert into ApartmentAmenities (apartmentID, featureID) values (31, 31);
insert into ApartmentAmenities (apartmentID, featureID) values (31, 66);
insert into ApartmentAmenities (apartmentID, featureID) values (31, 101);
insert into ApartmentAmenities (apartmentID, featureID) values (31, 136);
insert into ApartmentAmenities (apartmentID, featureID) values (31, 171);
insert into ApartmentAmenities (apartmentID, featureID) values (31, 206);
insert into ApartmentAmenities (apartmentID, featureID) values (31, 241);
insert into ApartmentAmenities (apartmentID, featureID) values (31, 276);
insert into ApartmentAmenities (apartmentID, featureID) values (32, 32);
insert into ApartmentAmenities (apartmentID, featureID) values (32, 67);
insert into ApartmentAmenities (apartmentID, featureID) values (32, 102);
insert into ApartmentAmenities (apartmentID, featureID) values (32, 137);
insert into ApartmentAmenities (apartmentID, featureID) values (32, 172);
insert into ApartmentAmenities (apartmentID, featureID) values (32, 207);
insert into ApartmentAmenities (apartmentID, featureID) values (32, 242);
insert into ApartmentAmenities (apartmentID, featureID) values (32, 277);
insert into ApartmentAmenities (apartmentID, featureID) values (33, 33);
insert into ApartmentAmenities (apartmentID, featureID) values (33, 68);
insert into ApartmentAmenities (apartmentID, featureID) values (33, 103);
insert into ApartmentAmenities (apartmentID, featureID) values (33, 138);
insert into ApartmentAmenities (apartmentID, featureID) values (33, 173);
insert into ApartmentAmenities (apartmentID, featureID) values (33, 208);
insert into ApartmentAmenities (apartmentID, featureID) values (33, 243);
insert into ApartmentAmenities (apartmentID, featureID) values (33, 278);
insert into ApartmentAmenities (apartmentID, featureID) values (34, 34);
insert into ApartmentAmenities (apartmentID, featureID) values (34, 69);
insert into ApartmentAmenities (apartmentID, featureID) values (34, 104);
insert into ApartmentAmenities (apartmentID, featureID) values (34, 139);
insert into ApartmentAmenities (apartmentID, featureID) values (34, 174);
insert into ApartmentAmenities (apartmentID, featureID) values (34, 209);
insert into ApartmentAmenities (apartmentID, featureID) values (34, 244);
insert into ApartmentAmenities (apartmentID, featureID) values (34, 279);
insert into ApartmentAmenities (apartmentID, featureID) values (35, 35);
insert into ApartmentAmenities (apartmentID, featureID) values (35, 70);
insert into ApartmentAmenities (apartmentID, featureID) values (35, 105);
insert into ApartmentAmenities (apartmentID, featureID) values (35, 140);
insert into ApartmentAmenities (apartmentID, featureID) values (35, 175);
insert into ApartmentAmenities (apartmentID, featureID) values (35, 210);
insert into ApartmentAmenities (apartmentID, featureID) values (35, 245);
insert into ApartmentAmenities (apartmentID, featureID) values (35, 280);

insert into RenterPreferences (renterID, featureID) values (1, 211);
insert into RenterPreferences (renterID, featureID) values (1, 246);
insert into RenterPreferences (renterID, featureID) values (1, 281);
insert into RenterPreferences (renterID, featureID) values (2, 142);
insert into RenterPreferences (renterID, featureID) values (2, 247);
insert into RenterPreferences (renterID, featureID) values (2, 282);
insert into RenterPreferences (renterID, featureID) values (3, 178);
insert into RenterPreferences (renterID, featureID) values (3, 213);
insert into RenterPreferences (renterID, featureID) values (3, 248);
insert into RenterPreferences (renterID, featureID) values (4, 109);
insert into RenterPreferences (renterID, featureID) values (4, 144);
insert into RenterPreferences (renterID, featureID) values (4, 283);
insert into RenterPreferences (renterID, featureID) values (5, 145);
insert into RenterPreferences (renterID, featureID) values (5, 180);
insert into RenterPreferences (renterID, featureID) values (5, 215);
insert into RenterPreferences (renterID, featureID) values (6, 111);
insert into RenterPreferences (renterID, featureID) values (6, 249);
insert into RenterPreferences (renterID, featureID) values (6, 284);
insert into RenterPreferences (renterID, featureID) values (7, 147);
insert into RenterPreferences (renterID, featureID) values (7, 182);
insert into RenterPreferences (renterID, featureID) values (7, 250);
insert into RenterPreferences (renterID, featureID) values (8, 148);
insert into RenterPreferences (renterID, featureID) values (8, 216);
insert into RenterPreferences (renterID, featureID) values (8, 251);
insert into RenterPreferences (renterID, featureID) values (9, 113);
insert into RenterPreferences (renterID, featureID) values (9, 183);
insert into RenterPreferences (renterID, featureID) values (9, 285);
insert into RenterPreferences (renterID, featureID) values (10, 150);
insert into RenterPreferences (renterID, featureID) values (10, 220);
insert into RenterPreferences (renterID, featureID) values (10, 252);
insert into RenterPreferences (renterID, featureID) values (11, 116);
insert into RenterPreferences (renterID, featureID) values (11, 151);
insert into RenterPreferences (renterID, featureID) values (11, 253);
insert into RenterPreferences (renterID, featureID) values (12, 186);
insert into RenterPreferences (renterID, featureID) values (12, 254);
insert into RenterPreferences (renterID, featureID) values (12, 286);
insert into RenterPreferences (renterID, featureID) values (13, 118);
insert into RenterPreferences (renterID, featureID) values (13, 153);
insert into RenterPreferences (renterID, featureID) values (13, 221);
insert into RenterPreferences (renterID, featureID) values (14, 154);
insert into RenterPreferences (renterID, featureID) values (14, 189);
insert into RenterPreferences (renterID, featureID) values (14, 255);
insert into RenterPreferences (renterID, featureID) values (15, 119);
insert into RenterPreferences (renterID, featureID) values (15, 190);
insert into RenterPreferences (renterID, featureID) values (15, 256);
insert into RenterPreferences (renterID, featureID) values (16, 121);
insert into RenterPreferences (renterID, featureID) values (16, 156);
insert into RenterPreferences (renterID, featureID) values (16, 191);
insert into RenterPreferences (renterID, featureID) values (16, 257);
insert into RenterPreferences (renterID, featureID) values (17, 157);
insert into RenterPreferences (renterID, featureID) values (17, 222);
insert into RenterPreferences (renterID, featureID) values (17, 287);
insert into RenterPreferences (renterID, featureID) values (18, 158);
insert into RenterPreferences (renterID, featureID) values (18, 193);
insert into RenterPreferences (renterID, featureID) values (18, 258);
insert into RenterPreferences (renterID, featureID) values (19, 124);
insert into RenterPreferences (renterID, featureID) values (19, 159);
insert into RenterPreferences (renterID, featureID) values (19, 224);
insert into RenterPreferences (renterID, featureID) values (20, 160);
insert into RenterPreferences (renterID, featureID) values (20, 225);
insert into RenterPreferences (renterID, featureID) values (20, 260);
insert into RenterPreferences (renterID, featureID) values (21, 126);
insert into RenterPreferences (renterID, featureID) values (21, 161);
insert into RenterPreferences (renterID, featureID) values (21, 196);
insert into RenterPreferences (renterID, featureID) values (21, 288);
insert into RenterPreferences (renterID, featureID) values (22, 127);
insert into RenterPreferences (renterID, featureID) values (22, 162);
insert into RenterPreferences (renterID, featureID) values (22, 261);
insert into RenterPreferences (renterID, featureID) values (23, 163);
insert into RenterPreferences (renterID, featureID) values (23, 198);
insert into RenterPreferences (renterID, featureID) values (23, 228);
insert into RenterPreferences (renterID, featureID) values (24, 129);
insert into RenterPreferences (renterID, featureID) values (24, 199);
insert into RenterPreferences (renterID, featureID) values (24, 264);
insert into RenterPreferences (renterID, featureID) values (25, 165);
insert into RenterPreferences (renterID, featureID) values (25, 230);
insert into RenterPreferences (renterID, featureID) values (25, 265);
insert into RenterPreferences (renterID, featureID) values (26, 131);
insert into RenterPreferences (renterID, featureID) values (26, 166);
insert into RenterPreferences (renterID, featureID) values (26, 201);
insert into RenterPreferences (renterID, featureID) values (27, 167);
insert into RenterPreferences (renterID, featureID) values (27, 202);
insert into RenterPreferences (renterID, featureID) values (27, 232);
insert into RenterPreferences (renterID, featureID) values (27, 289);
insert into RenterPreferences (renterID, featureID) values (28, 133);
insert into RenterPreferences (renterID, featureID) values (28, 168);
insert into RenterPreferences (renterID, featureID) values (28, 233);
insert into RenterPreferences (renterID, featureID) values (29, 134);
insert into RenterPreferences (renterID, featureID) values (29, 204);
insert into RenterPreferences (renterID, featureID) values (29, 266);
insert into RenterPreferences (renterID, featureID) values (30, 170);
insert into RenterPreferences (renterID, featureID) values (30, 235);
insert into RenterPreferences (renterID, featureID) values (30, 267);
insert into RenterPreferences (renterID, featureID) values (31, 136);
insert into RenterPreferences (renterID, featureID) values (31, 171);
insert into RenterPreferences (renterID, featureID) values (31, 206);
insert into RenterPreferences (renterID, featureID) values (32, 137);
insert into RenterPreferences (renterID, featureID) values (32, 207);
insert into RenterPreferences (renterID, featureID) values (32, 237);
insert into RenterPreferences (renterID, featureID) values (32, 290);
insert into RenterPreferences (renterID, featureID) values (33, 173);
insert into RenterPreferences (renterID, featureID) values (33, 238);
insert into RenterPreferences (renterID, featureID) values (33, 268);
insert into RenterPreferences (renterID, featureID) values (34, 139);
insert into RenterPreferences (renterID, featureID) values (34, 174);
insert into RenterPreferences (renterID, featureID) values (34, 209);
insert into RenterPreferences (renterID, featureID) values (35, 140);
insert into RenterPreferences (renterID, featureID) values (35, 175);
insert into RenterPreferences (renterID, featureID) values (35, 210);
insert into RenterPreferences (renterID, featureID) values (35, 240);

insert into Dealbreakers (renterID, featureID) values (1, 141);
insert into Dealbreakers (renterID, featureID) values (1, 176);
insert into Dealbreakers (renterID, featureID) values (1, 282);
insert into Dealbreakers (renterID, featureID) values (2, 107);
insert into Dealbreakers (renterID, featureID) values (2, 177);
insert into Dealbreakers (renterID, featureID) values (2, 212);
insert into Dealbreakers (renterID, featureID) values (3, 143);
insert into Dealbreakers (renterID, featureID) values (3, 283);
insert into Dealbreakers (renterID, featureID) values (3, 108);
insert into Dealbreakers (renterID, featureID) values (4, 179);
insert into Dealbreakers (renterID, featureID) values (4, 214);
insert into Dealbreakers (renterID, featureID) values (4, 249);
insert into Dealbreakers (renterID, featureID) values (5, 110);
insert into Dealbreakers (renterID, featureID) values (5, 250);
insert into Dealbreakers (renterID, featureID) values (5, 146);
insert into Dealbreakers (renterID, featureID) values (6, 181);
insert into Dealbreakers (renterID, featureID) values (6, 216);
insert into Dealbreakers (renterID, featureID) values (6, 251);
insert into Dealbreakers (renterID, featureID) values (7, 112);
insert into Dealbreakers (renterID, featureID) values (7, 217);
insert into Dealbreakers (renterID, featureID) values (7, 252);
insert into Dealbreakers (renterID, featureID) values (8, 113);
insert into Dealbreakers (renterID, featureID) values (8, 183);
insert into Dealbreakers (renterID, featureID) values (8, 253);
insert into Dealbreakers (renterID, featureID) values (9, 149);
insert into Dealbreakers (renterID, featureID) values (9, 219);
insert into Dealbreakers (renterID, featureID) values (9, 254);
insert into Dealbreakers (renterID, featureID) values (10, 115);
insert into Dealbreakers (renterID, featureID) values (10, 185);
insert into Dealbreakers (renterID, featureID) values (10, 255);
insert into Dealbreakers (renterID, featureID) values (11, 186);
insert into Dealbreakers (renterID, featureID) values (11, 221);
insert into Dealbreakers (renterID, featureID) values (11, 256);
insert into Dealbreakers (renterID, featureID) values (12, 117);
insert into Dealbreakers (renterID, featureID) values (12, 152);
insert into Dealbreakers (renterID, featureID) values (12, 222);
insert into Dealbreakers (renterID, featureID) values (13, 188);
insert into Dealbreakers (renterID, featureID) values (13, 258);
insert into Dealbreakers (renterID, featureID) values (13, 223);
insert into Dealbreakers (renterID, featureID) values (14, 119);
insert into Dealbreakers (renterID, featureID) values (14, 224);
insert into Dealbreakers (renterID, featureID) values (14, 259);
insert into Dealbreakers (renterID, featureID) values (15, 155);
insert into Dealbreakers (renterID, featureID) values (15, 225);
insert into Dealbreakers (renterID, featureID) values (15, 260);
insert into Dealbreakers (renterID, featureID) values (16, 226);
insert into Dealbreakers (renterID, featureID) values (16, 261);
insert into Dealbreakers (renterID, featureID) values (16, 286);
insert into Dealbreakers (renterID, featureID) values (17, 122);
insert into Dealbreakers (renterID, featureID) values (17, 192);
insert into Dealbreakers (renterID, featureID) values (17, 262);
insert into Dealbreakers (renterID, featureID) values (18, 123);
insert into Dealbreakers (renterID, featureID) values (18, 228);
insert into Dealbreakers (renterID, featureID) values (18, 263);
insert into Dealbreakers (renterID, featureID) values (19, 194);
insert into Dealbreakers (renterID, featureID) values (19, 259);
insert into Dealbreakers (renterID, featureID) values (19, 229);
insert into Dealbreakers (renterID, featureID) values (20, 125);
insert into Dealbreakers (renterID, featureID) values (20, 195);
insert into Dealbreakers (renterID, featureID) values (20, 230);
insert into Dealbreakers (renterID, featureID) values (21, 231);
insert into Dealbreakers (renterID, featureID) values (21, 261);
insert into Dealbreakers (renterID, featureID) values (21, 262);
insert into Dealbreakers (renterID, featureID) values (22, 197);
insert into Dealbreakers (renterID, featureID) values (22, 232);
insert into Dealbreakers (renterID, featureID) values (22, 287);
insert into Dealbreakers (renterID, featureID) values (23, 129);
insert into Dealbreakers (renterID, featureID) values (23, 263);
insert into Dealbreakers (renterID, featureID) values (23, 233);
insert into Dealbreakers (renterID, featureID) values (24, 164);
insert into Dealbreakers (renterID, featureID) values (24, 234);
insert into Dealbreakers (renterID, featureID) values (24, 265);
insert into Dealbreakers (renterID, featureID) values (25, 131);
insert into Dealbreakers (renterID, featureID) values (25, 200);
insert into Dealbreakers (renterID, featureID) values (25, 266);
insert into Dealbreakers (renterID, featureID) values (26, 236);
insert into Dealbreakers (renterID, featureID) values (26, 267);
insert into Dealbreakers (renterID, featureID) values (26, 288);
insert into Dealbreakers (renterID, featureID) values (27, 132);
insert into Dealbreakers (renterID, featureID) values (27, 203);
insert into Dealbreakers (renterID, featureID) values (27, 268);
insert into Dealbreakers (renterID, featureID) values (28, 169);
insert into Dealbreakers (renterID, featureID) values (28, 234);
insert into Dealbreakers (renterID, featureID) values (28, 269);
insert into Dealbreakers (renterID, featureID) values (29, 170);
insert into Dealbreakers (renterID, featureID) values (29, 239);
insert into Dealbreakers (renterID, featureID) values (29, 270);
insert into Dealbreakers (renterID, featureID) values (30, 136);
insert into Dealbreakers (renterID, featureID) values (30, 206);
insert into Dealbreakers (renterID, featureID) values (30, 271);
insert into Dealbreakers (renterID, featureID) values (31, 172);
insert into Dealbreakers (renterID, featureID) values (31, 237);
insert into Dealbreakers (renterID, featureID) values (31, 272);
insert into Dealbreakers (renterID, featureID) values (32, 138);
insert into Dealbreakers (renterID, featureID) values (32, 208);
insert into Dealbreakers (renterID, featureID) values (32, 273);
insert into Dealbreakers (renterID, featureID) values (33, 139);
insert into Dealbreakers (renterID, featureID) values (33, 209);
insert into Dealbreakers (renterID, featureID) values (33, 274);
insert into Dealbreakers (renterID, featureID) values (34, 140);
insert into Dealbreakers (renterID, featureID) values (34, 275);
insert into Dealbreakers (renterID, featureID) values (34, 240);
insert into Dealbreakers (renterID, featureID) values (35, 106);
insert into Dealbreakers (renterID, featureID) values (35, 241);
insert into Dealbreakers (renterID, featureID) values (35, 276);
