USE roomsync;

insert into Users (userID, userName, userEmail, userPhone, userRole, userStatus) values (1, 'wbranson0', 'ffaraday0@java.com', '352-514-8275', 'landlord', 'suspended');
insert into Users (userID, userName, userEmail, userPhone, userRole, userStatus) values (2, 'spattesall1', 'kmichel1@mail.ru', '307-673-1926', 'admin', 'inactive');
insert into Users (userID, userName, userEmail, userPhone, userRole, userStatus) values (3, 'lscolding2', 'jkabsch2@gravatar.com', '263-675-6525', 'renter', 'active');
insert into Users (userID, userName, userEmail, userPhone, userRole, userStatus) values (4, 'jinfantino3', 'ufalvey3@ifeng.com', '614-778-3362', 'admin', 'suspended');
insert into Users (userID, userName, userEmail, userPhone, userRole, userStatus) values (5, 'hconnold4', 'cwaber4@about.com', '363-223-0218', 'admin', 'suspended');
insert into Users (userID, userName, userEmail, userPhone, userRole, userStatus) values (6, 'cfloodgate5', 'zshirtcliffe5@disqus.com', '655-651-2383', 'broker', 'suspended');
insert into Users (userID, userName, userEmail, userPhone, userRole, userStatus) values (7, 'dthreadgold6', 'cmansour6@trellian.com', '373-982-9787', 'broker', 'active');
insert into Users (userID, userName, userEmail, userPhone, userRole, userStatus) values (8, 'dgallemore7', 'gberanek7@berkeley.edu', '749-828-4569', 'admin', 'suspended');
insert into Users (userID, userName, userEmail, userPhone, userRole, userStatus) values (9, 'despasa8', 'bschrinel8@mit.edu', '651-752-5273', 'renter', 'inactive');
insert into Users (userID, userName, userEmail, userPhone, userRole, userStatus) values (10, 'ablamires9', 'hhub9@shinystat.com', '381-570-2594', 'broker', 'inactive');
insert into Users (userID, userName, userEmail, userPhone, userRole, userStatus) values (11, 'ltempertona', 'omottea@marriott.com', '463-328-7075', 'renter', 'active');
insert into Users (userID, userName, userEmail, userPhone, userRole, userStatus) values (12, 'twethb', 'cfilipovb@github.io', '163-574-7749', 'renter', 'suspended');
insert into Users (userID, userName, userEmail, userPhone, userRole, userStatus) values (13, 'twroathc', 'rbreukelmanc@phoca.cz', '520-435-1374', 'admin', 'inactive');
insert into Users (userID, userName, userEmail, userPhone, userRole, userStatus) values (14, 'gelgeyd', 'ltessymand@netlog.com', '619-367-0747', 'broker', 'inactive');
insert into Users (userID, userName, userEmail, userPhone, userRole, userStatus) values (15, 'epusille', 'aschoute@aol.com', '763-841-1563', 'broker', 'active');
insert into Users (userID, userName, userEmail, userPhone, userRole, userStatus) values (16, 'ccrowchf', 'esigwardf@storify.com', '563-366-2942', 'admin', 'inactive');
insert into Users (userID, userName, userEmail, userPhone, userRole, userStatus) values (17, 'khinrichsg', 'cbloyg@hugedomains.com', '499-296-1842', 'admin', 'inactive');
insert into Users (userID, userName, userEmail, userPhone, userRole, userStatus) values (18, 'mashelfordh', 'zrapph@networksolutions.com', '344-375-3258', 'renter', 'inactive');
insert into Users (userID, userName, userEmail, userPhone, userRole, userStatus) values (19, 'ajeppsi', 'fgayforthi@apache.org', '816-172-6060', 'landlord', 'inactive');
insert into Users (userID, userName, userEmail, userPhone, userRole, userStatus) values (20, 'jmarchbankj', 'ldalej@spiegel.de', '452-169-9147', 'landlord', 'active');
insert into Users (userID, userName, userEmail, userPhone, userRole, userStatus) values (21, 'mboddyk', 'bgodmark@cdbaby.com', '336-401-3138', 'admin', 'suspended');
insert into Users (userID, userName, userEmail, userPhone, userRole, userStatus) values (22, 'jbenediktl', 'spineauxl@myspace.com', '265-249-2312', 'broker', 'active');
insert into Users (userID, userName, userEmail, userPhone, userRole, userStatus) values (23, 'kswitsurm', 'sgullifantm@slate.com', '693-294-0061', 'renter', 'inactive');
insert into Users (userID, userName, userEmail, userPhone, userRole, userStatus) values (24, 'tsnozzwelln', 'dronischn@apache.org', '240-779-5405', 'renter', 'inactive');
insert into Users (userID, userName, userEmail, userPhone, userRole, userStatus) values (25, 'ncorsaro', 'smouato@shareasale.com', '809-812-4230', 'landlord', 'suspended');
insert into Users (userID, userName, userEmail, userPhone, userRole, userStatus) values (26, 'ytattersallp', 'bgladmanp@opera.com', '905-876-8348', 'renter', 'suspended');
insert into Users (userID, userName, userEmail, userPhone, userRole, userStatus) values (27, 'hreochq', 'battreedq@technorati.com', '778-141-6285', 'renter', 'active');
insert into Users (userID, userName, userEmail, userPhone, userRole, userStatus) values (28, 'sstaterfieldr', 'elegginr@flickr.com', '982-954-2533', 'renter', 'active');
insert into Users (userID, userName, userEmail, userPhone, userRole, userStatus) values (29, 'ptomkins', 'demlens@livejournal.com', '690-645-2644', 'broker', 'suspended');
insert into Users (userID, userName, userEmail, userPhone, userRole, userStatus) values (30, 'bdeclairmontt', 'gstanert@issuu.com', '948-804-6605', 'admin', 'inactive');
insert into Users (userID, userName, userEmail, userPhone, userRole, userStatus) values (31, 'tbotgeru', 'sheelu@skyrock.com', '215-201-6512', 'landlord', 'suspended');
insert into Users (userID, userName, userEmail, userPhone, userRole, userStatus) values (32, 'asummonsv', 'zbrungerv@slate.com', '629-173-0743', 'broker', 'suspended');
insert into Users (userID, userName, userEmail, userPhone, userRole, userStatus) values (33, 'mhandesw', 'kdunridgew@facebook.com', '942-283-3935', 'broker', 'inactive');
insert into Users (userID, userName, userEmail, userPhone, userRole, userStatus) values (34, 'zlittrellx', 'civanonkox@wikispaces.com', '424-564-8369', 'landlord', 'inactive');
insert into Users (userID, userName, userEmail, userPhone, userRole, userStatus) values (35, 'dwadhamsy', 'vdowniey@yale.edu', '208-449-5074', 'admin', 'active');
insert into Users (userID, userName, userEmail, userPhone, userRole, userStatus) values (36, 'eoldacresz', 'ntolsonz@ftc.gov', '933-557-8064', 'renter', 'inactive');
insert into Users (userID, userName, userEmail, userPhone, userRole, userStatus) values (37, 'lmetzel10', 'wacosta10@vinaora.com', '936-679-2306', 'landlord', 'suspended');
insert into Users (userID, userName, userEmail, userPhone, userRole, userStatus) values (38, 'otrew11', 'mlemarquis11@flavors.me', '157-585-7957', 'landlord', 'suspended');
insert into Users (userID, userName, userEmail, userPhone, userRole, userStatus) values (39, 'lstanmer12', 'alivett12@dyndns.org', '419-301-0805', 'renter', 'suspended');
insert into Users (userID, userName, userEmail, userPhone, userRole, userStatus) values (40, 'btrudgian13', 'msorley13@google.it', '614-732-5995', 'landlord', 'inactive');



insert into Neighborhood (neighborhoodID, neighborhoodName, neighborhoodInsights) values (1, 'Riverdale Heights', 'average age of residents: 35');
insert into Neighborhood (neighborhoodID, neighborhoodName, neighborhoodInsights) values (2, 'Maple Grove', 'number of parks: 5');
insert into Neighborhood (neighborhoodID, neighborhoodName, neighborhoodInsights) values (3, 'Maple Grove', 'population density: 5000 people/sq mile');
insert into Neighborhood (neighborhoodID, neighborhoodName, neighborhoodInsights) values (4, 'Pine Ridge', 'average commute time: 30 minutes');
insert into Neighborhood (neighborhoodID, neighborhoodName, neighborhoodInsights) values (5, 'Sunnydale', 'average household income: $60');
insert into Neighborhood (neighborhoodID, neighborhoodName, neighborhoodInsights) values (6, 'Cedar Ridge', 'average household income: $60');
insert into Neighborhood (neighborhoodID, neighborhoodName, neighborhoodInsights) values (7, 'Hillcrest Heights', 'percentage of residents with college degree: 40%');
insert into Neighborhood (neighborhoodID, neighborhoodName, neighborhoodInsights) values (8, 'Meadowbrook Meadows', '000');
insert into Neighborhood (neighborhoodID, neighborhoodName, neighborhoodInsights) values (9, 'Cedar Ridge', 'average household income: $60');
insert into Neighborhood (neighborhoodID, neighborhoodName, neighborhoodInsights) values (10, 'Maple Grove', 'population density: 5000 people/sq mile');
insert into Neighborhood (neighborhoodID, neighborhoodName, neighborhoodInsights) values (11, 'Oakwood Estates', 'average commute time: 30 minutes');
insert into Neighborhood (neighborhoodID, neighborhoodName, neighborhoodInsights) values (12, 'Maple Grove', 'average commute time: 30 minutes');
insert into Neighborhood (neighborhoodID, neighborhoodName, neighborhoodInsights) values (13, 'Maple Grove', '000');
insert into Neighborhood (neighborhoodID, neighborhoodName, neighborhoodInsights) values (14, 'Willow Creek', 'population density: 5000 people/sq mile');
insert into Neighborhood (neighborhoodID, neighborhoodName, neighborhoodInsights) values (15, 'Willow Creek', '000');
insert into Neighborhood (neighborhoodID, neighborhoodName, neighborhoodInsights) values (16, 'Sunset Hills', '000');
insert into Neighborhood (neighborhoodID, neighborhoodName, neighborhoodInsights) values (17, 'Sunset Hills', 'average age of residents: 35');
insert into Neighborhood (neighborhoodID, neighborhoodName, neighborhoodInsights) values (18, 'Sunnydale', 'number of parks: 5');
insert into Neighborhood (neighborhoodID, neighborhoodName, neighborhoodInsights) values (19, 'Hillcrest Heights', 'percentage of residents with college degree: 40%');
insert into Neighborhood (neighborhoodID, neighborhoodName, neighborhoodInsights) values (20, 'Maple Grove', 'average commute time: 30 minutes');
insert into Neighborhood (neighborhoodID, neighborhoodName, neighborhoodInsights) values (21, 'Meadowbrook Meadows', 'median home value: $300');
insert into Neighborhood (neighborhoodID, neighborhoodName, neighborhoodInsights) values (22, 'Sunnydale', 'percentage of residents with college degree: 40%');
insert into Neighborhood (neighborhoodID, neighborhoodName, neighborhoodInsights) values (23, 'Riverdale Heights', '000');
insert into Neighborhood (neighborhoodID, neighborhoodName, neighborhoodInsights) values (24, 'Oakwood Estates', 'average school rating: 8/10');
insert into Neighborhood (neighborhoodID, neighborhoodName, neighborhoodInsights) values (25, 'Sunset Hills', 'number of restaurants: 20');
insert into Neighborhood (neighborhoodID, neighborhoodName, neighborhoodInsights) values (26, 'Cedar Ridge', 'average school rating: 8/10');
insert into Neighborhood (neighborhoodID, neighborhoodName, neighborhoodInsights) values (27, 'Willow Creek', 'average school rating: 8/10');
insert into Neighborhood (neighborhoodID, neighborhoodName, neighborhoodInsights) values (28, 'Hillcrest Heights', '000');
insert into Neighborhood (neighborhoodID, neighborhoodName, neighborhoodInsights) values (29, 'Oakwood Estates', 'average age of residents: 35');
insert into Neighborhood (neighborhoodID, neighborhoodName, neighborhoodInsights) values (30, 'Hillcrest Heights', 'median home value: $300');

insert into ApartmentFeatures (featureID, label, value) values (1, 'Hardwood Floors', 'False');
insert into ApartmentFeatures (featureID, label, value) values (2, 'Utilities Included', 'True');
insert into ApartmentFeatures (featureID, label, value) values (3, 'Balcony', 'False');
insert into ApartmentFeatures (featureID, label, value) values (4, 'Parking', 'False');
insert into ApartmentFeatures (featureID, label, value) values (5, 'Hardwood Floors', 'False');
insert into ApartmentFeatures (featureID, label, value) values (6, 'Hardwood Floors', 'True');
insert into ApartmentFeatures (featureID, label, value) values (7, 'Parking', 'False');
insert into ApartmentFeatures (featureID, label, value) values (8, 'Storage Unit', 'False');
insert into ApartmentFeatures (featureID, label, value) values (9, 'Pet Friendly', 'True');
insert into ApartmentFeatures (featureID, label, value) values (10, 'Bike Storage', 'True');
insert into ApartmentFeatures (featureID, label, value) values (11, 'Furnished', 'True');
insert into ApartmentFeatures (featureID, label, value) values (12, 'Dishwasher', 'True');
insert into ApartmentFeatures (featureID, label, value) values (13, 'Parking', 'True');
insert into ApartmentFeatures (featureID, label, value) values (14, 'Utilities Included', 'False');
insert into ApartmentFeatures (featureID, label, value) values (15, 'Air Conditioning', 'True');
insert into ApartmentFeatures (featureID, label, value) values (16, 'Dishwasher', 'True');
insert into ApartmentFeatures (featureID, label, value) values (17, 'Gym', 'False');
insert into ApartmentFeatures (featureID, label, value) values (18, 'Air Conditioning', 'True');
insert into ApartmentFeatures (featureID, label, value) values (19, 'Furnished', 'True');
insert into ApartmentFeatures (featureID, label, value) values (20, 'Parking', 'True');
insert into ApartmentFeatures (featureID, label, value) values (21, 'Pet Friendly', 'False');
insert into ApartmentFeatures (featureID, label, value) values (22, 'Furnished', 'False');
insert into ApartmentFeatures (featureID, label, value) values (23, 'Gym', 'False');
insert into ApartmentFeatures (featureID, label, value) values (24, 'Balcony', 'True');
insert into ApartmentFeatures (featureID, label, value) values (25, 'Hardwood Floors', 'True');
insert into ApartmentFeatures (featureID, label, value) values (26, 'Pet Friendly', 'True');
insert into ApartmentFeatures (featureID, label, value) values (27, 'Gym', 'False');
insert into ApartmentFeatures (featureID, label, value) values (28, 'Hardwood Floors', 'False');
insert into ApartmentFeatures (featureID, label, value) values (29, 'Rooftop', 'True');
insert into ApartmentFeatures (featureID, label, value) values (30, 'Gym', 'True');

insert into Apartment (apartmentID, unitNumber, neighborhoodID) values (1, '8C', 29);
insert into Apartment (apartmentID, unitNumber, neighborhoodID) values (2, '4D', 5);
insert into Apartment (apartmentID, unitNumber, neighborhoodID) values (3, '9D', 29);
insert into Apartment (apartmentID, unitNumber, neighborhoodID) values (4, '2B', 8);
insert into Apartment (apartmentID, unitNumber, neighborhoodID) values (5, '4A', 11);
insert into Apartment (apartmentID, unitNumber, neighborhoodID) values (6, '1B', 10);
insert into Apartment (apartmentID, unitNumber, neighborhoodID) values (7, '1B', 21);
insert into Apartment (apartmentID, unitNumber, neighborhoodID) values (8, '1A', 17);
insert into Apartment (apartmentID, unitNumber, neighborhoodID) values (9, '5E', 28);
insert into Apartment (apartmentID, unitNumber, neighborhoodID) values (10, '3C', 16);
insert into Apartment (apartmentID, unitNumber, neighborhoodID) values (11, '1A', 10);
insert into Apartment (apartmentID, unitNumber, neighborhoodID) values (12, '3B', 7);
insert into Apartment (apartmentID, unitNumber, neighborhoodID) values (13, '3B', 21);
insert into Apartment (apartmentID, unitNumber, neighborhoodID) values (14, '1A', 22);
insert into Apartment (apartmentID, unitNumber, neighborhoodID) values (15, '7B', 8);
insert into Apartment (apartmentID, unitNumber, neighborhoodID) values (16, '8C', 6);
insert into Apartment (apartmentID, unitNumber, neighborhoodID) values (17, '4D', 9);
insert into Apartment (apartmentID, unitNumber, neighborhoodID) values (18, '2B', 27);
insert into Apartment (apartmentID, unitNumber, neighborhoodID) values (19, '2A', 19);
insert into Apartment (apartmentID, unitNumber, neighborhoodID) values (20, '3B', 2);
insert into Apartment (apartmentID, unitNumber, neighborhoodID) values (21, '5E', 14);
insert into Apartment (apartmentID, unitNumber, neighborhoodID) values (22, '3B', 10);
insert into Apartment (apartmentID, unitNumber, neighborhoodID) values (23, '2B', 2);
insert into Apartment (apartmentID, unitNumber, neighborhoodID) values (24, '10E', 18);
insert into Apartment (apartmentID, unitNumber, neighborhoodID) values (25, '6A', 25);
insert into Apartment (apartmentID, unitNumber, neighborhoodID) values (26, '9D', 21);
insert into Apartment (apartmentID, unitNumber, neighborhoodID) values (27, '6A', 16);
insert into Apartment (apartmentID, unitNumber, neighborhoodID) values (28, '6A', 3);
insert into Apartment (apartmentID, unitNumber, neighborhoodID) values (29, '4A', 8);
insert into Apartment (apartmentID, unitNumber, neighborhoodID) values (30, '5B', 18);
insert into Apartment (apartmentID, unitNumber, neighborhoodID) values (31, '3C', 10);
insert into Apartment (apartmentID, unitNumber, neighborhoodID) values (32, '2A', 19);
insert into Apartment (apartmentID, unitNumber, neighborhoodID) values (33, '7B', 8);
insert into Apartment (apartmentID, unitNumber, neighborhoodID) values (34, '8C', 19);
insert into Apartment (apartmentID, unitNumber, neighborhoodID) values (35, '2B', 1);


insert into Landlord (landlordID, userID, firstName, lastName, email, phone, isVerified, joinedDate) values (1, 18, 'Lamar', 'Hustler', 'lhustler0@theglobeandmail.com', '246-895-5675', 0, '9/30/2021');
insert into Landlord (landlordID, userID, firstName, lastName, email, phone, isVerified, joinedDate) values (2, 21, 'Valeda', 'Essam', 'vessam1@godaddy.com', '475-750-0969', 1, '3/12/2023');
insert into Landlord (landlordID, userID, firstName, lastName, email, phone, isVerified, joinedDate) values (3, 17, 'Neala', 'Donnell', 'ndonnell2@rediff.com', '224-694-7026', 0, '9/18/2020');
insert into Landlord (landlordID, userID, firstName, lastName, email, phone, isVerified, joinedDate) values (4, 39, 'Missie', 'O''Tuohy', 'motuohy3@miibeian.gov.cn', '413-745-6968', 0, '11/27/2020');
insert into Landlord (landlordID, userID, firstName, lastName, email, phone, isVerified, joinedDate) values (5, 40, 'Arnoldo', 'Arnout', 'aarnout4@rediff.com', '659-164-4952', 0, '9/19/2023');
insert into Landlord (landlordID, userID, firstName, lastName, email, phone, isVerified, joinedDate) values (6, 27, 'Josie', 'Radnedge', 'jradnedge5@forbes.com', '844-293-5060', 1, '2/4/2022');
insert into Landlord (landlordID, userID, firstName, lastName, email, phone, isVerified, joinedDate) values (7, 34, 'Humfrid', 'Dibb', 'hdibb6@gravatar.com', '188-990-3970', 1, '10/8/2023');
insert into Landlord (landlordID, userID, firstName, lastName, email, phone, isVerified, joinedDate) values (8, 18, 'Elisha', 'Varran', 'evarran7@harvard.edu', '482-584-2647', 1, '2/22/2020');
insert into Landlord (landlordID, userID, firstName, lastName, email, phone, isVerified, joinedDate) values (9, 10, 'Trueman', 'Daniels', 'tdaniels8@cisco.com', '568-423-1830', 0, '12/24/2021');
insert into Landlord (landlordID, userID, firstName, lastName, email, phone, isVerified, joinedDate) values (10, 8, 'Allie', 'Kettlestringe', 'akettlestringe9@twitpic.com', '819-247-5750', 0, '1/5/2021');
insert into Landlord (landlordID, userID, firstName, lastName, email, phone, isVerified, joinedDate) values (11, 37, 'Roldan', 'Chattey', 'rchatteya@mysql.com', '243-644-5319', 1, '6/16/2022');
insert into Landlord (landlordID, userID, firstName, lastName, email, phone, isVerified, joinedDate) values (12, 7, 'Odell', 'McAless', 'omcalessb@t.co', '527-655-8550', 0, '11/12/2020');
insert into Landlord (landlordID, userID, firstName, lastName, email, phone, isVerified, joinedDate) values (13, 7, 'Madelene', 'Brettel', 'mbrettelc@abc.net.au', '269-328-5318', 0, '4/1/2020');
insert into Landlord (landlordID, userID, firstName, lastName, email, phone, isVerified, joinedDate) values (14, 30, 'Yolane', 'Lumber', 'ylumberd@harvard.edu', '860-968-9347', 1, '9/30/2020');
insert into Landlord (landlordID, userID, firstName, lastName, email, phone, isVerified, joinedDate) values (15, 12, 'Orel', 'Manderson', 'omandersone@businessweek.com', '980-531-4271', 1, '4/28/2021');
insert into Landlord (landlordID, userID, firstName, lastName, email, phone, isVerified, joinedDate) values (16, 31, 'Katleen', 'Buney', 'kbuneyf@liveinternet.ru', '762-753-2471', 1, '9/28/2023');
insert into Landlord (landlordID, userID, firstName, lastName, email, phone, isVerified, joinedDate) values (17, 39, 'Martynne', 'Gordon-Giles', 'mgordongilesg@netscape.com', '305-570-6619', 1, '1/11/2020');
insert into Landlord (landlordID, userID, firstName, lastName, email, phone, isVerified, joinedDate) values (18, 7, 'Rudolph', 'Iacivelli', 'riacivellih@meetup.com', '425-693-6227', 1, '7/12/2023');
insert into Landlord (landlordID, userID, firstName, lastName, email, phone, isVerified, joinedDate) values (19, 15, 'Farlie', 'Bleackly', 'fbleacklyi@reference.com', '601-935-5796', 1, '8/4/2022');
insert into Landlord (landlordID, userID, firstName, lastName, email, phone, isVerified, joinedDate) values (20, 6, 'Kimberlyn', 'Maciejak', 'kmaciejakj@163.com', '713-419-7710', 1, '10/10/2021');
insert into Landlord (landlordID, userID, firstName, lastName, email, phone, isVerified, joinedDate) values (21, 11, 'Kaja', 'Jerams', 'kjeramsk@ihg.com', '837-986-7083', 0, '7/16/2021');
insert into Landlord (landlordID, userID, firstName, lastName, email, phone, isVerified, joinedDate) values (22, 34, 'Pennie', 'Revens', 'prevensl@webnode.com', '749-707-5398', 1, '7/26/2023');
insert into Landlord (landlordID, userID, firstName, lastName, email, phone, isVerified, joinedDate) values (23, 15, 'Ann-marie', 'Knibley', 'aknibleym@gnu.org', '357-253-3212', 0, '6/27/2021');
insert into Landlord (landlordID, userID, firstName, lastName, email, phone, isVerified, joinedDate) values (24, 5, 'Pamelina', 'Wikey', 'pwikeyn@huffingtonpost.com', '740-276-2198', 1, '5/6/2021');
insert into Landlord (landlordID, userID, firstName, lastName, email, phone, isVerified, joinedDate) values (25, 17, 'Alix', 'Kitchenham', 'akitchenhamo@cnbc.com', '826-746-1055', 1, '4/17/2021');
insert into Landlord (landlordID, userID, firstName, lastName, email, phone, isVerified, joinedDate) values (26, 1, 'Salome', 'Capper', 'scapperp@networksolutions.com', '482-555-1133', 1, '9/22/2022');
insert into Landlord (landlordID, userID, firstName, lastName, email, phone, isVerified, joinedDate) values (27, 35, 'Emanuel', 'Duckels', 'educkelsq@netvibes.com', '589-151-4342', 1, '11/5/2020');
insert into Landlord (landlordID, userID, firstName, lastName, email, phone, isVerified, joinedDate) values (28, 38, 'Eliot', 'Blofield', 'eblofieldr@businessweek.com', '742-343-4336', 0, '12/1/2020');
insert into Landlord (landlordID, userID, firstName, lastName, email, phone, isVerified, joinedDate) values (29, 34, 'Pepillo', 'Dymocke', 'pdymockes@mapquest.com', '683-991-9869', 1, '1/29/2023');
insert into Landlord (landlordID, userID, firstName, lastName, email, phone, isVerified, joinedDate) values (30, 37, 'Hamil', 'Spark', 'hsparkt@wix.com', '807-367-5415', 1, '8/26/2020');

insert into Broker (brokerID, userID, brokerName, brokerPhone, brokerEmail) values (1, 35, 'Dore Eade', '466-672-7185', 'deade0@google.nl');
insert into Broker (brokerID, userID, brokerName, brokerPhone, brokerEmail) values (2, 21, 'Ermin Mattiessen', '907-613-9057', 'emattiessen1@deviantart.com');
insert into Broker (brokerID, userID, brokerName, brokerPhone, brokerEmail) values (3, 21, 'Afton Abadam', '175-313-7988', 'aabadam2@disqus.com');
insert into Broker (brokerID, userID, brokerName, brokerPhone, brokerEmail) values (4, 8, 'Brodie Cassella', '683-463-8124', 'bcassella3@bloglovin.com');
insert into Broker (brokerID, userID, brokerName, brokerPhone, brokerEmail) values (5, 40, 'Travis Ranyard', '830-734-1068', 'tranyard4@wufoo.com');
insert into Broker (brokerID, userID, brokerName, brokerPhone, brokerEmail) values (6, 40, 'Jerrilee Carss', '142-821-8109', 'jcarss5@mashable.com');
insert into Broker (brokerID, userID, brokerName, brokerPhone, brokerEmail) values (7, 2, 'Earvin Jurges', '598-370-3062', 'ejurges6@java.com');
insert into Broker (brokerID, userID, brokerName, brokerPhone, brokerEmail) values (8, 11, 'Letisha Teager', '196-814-6744', 'lteager7@hc360.com');
insert into Broker (brokerID, userID, brokerName, brokerPhone, brokerEmail) values (9, 32, 'Husain Howford', '291-857-1597', 'hhowford8@newyorker.com');
insert into Broker (brokerID, userID, brokerName, brokerPhone, brokerEmail) values (10, 14, 'Crista Matyushenko', '486-906-1737', 'cmatyushenko9@twitpic.com');
insert into Broker (brokerID, userID, brokerName, brokerPhone, brokerEmail) values (11, 23, 'Rafaelita Tait', '905-911-4456', 'rtaita@chronoengine.com');
insert into Broker (brokerID, userID, brokerName, brokerPhone, brokerEmail) values (12, 15, 'Jenny Baptista', '998-720-2019', 'jbaptistab@arizona.edu');
insert into Broker (brokerID, userID, brokerName, brokerPhone, brokerEmail) values (13, 18, 'Elli Reddecliffe', '358-797-8602', 'ereddecliffec@yahoo.co.jp');
insert into Broker (brokerID, userID, brokerName, brokerPhone, brokerEmail) values (14, 34, 'Etan Coiley', '959-929-2427', 'ecoileyd@blogger.com');
insert into Broker (brokerID, userID, brokerName, brokerPhone, brokerEmail) values (15, 39, 'Jolene Wishkar', '887-454-5516', 'jwishkare@mtv.com');
insert into Broker (brokerID, userID, brokerName, brokerPhone, brokerEmail) values (16, 39, 'Farica Skippon', '421-169-9223', 'fskipponf@cafepress.com');
insert into Broker (brokerID, userID, brokerName, brokerPhone, brokerEmail) values (17, 32, 'Giffard Ashard', '710-203-7340', 'gashardg@narod.ru');
insert into Broker (brokerID, userID, brokerName, brokerPhone, brokerEmail) values (18, 4, 'Humphrey Girone', '178-733-5223', 'hgironeh@vistaprint.com');
insert into Broker (brokerID, userID, brokerName, brokerPhone, brokerEmail) values (19, 24, 'Marthena Sappell', '649-394-2863', 'msappelli@people.com.cn');
insert into Broker (brokerID, userID, brokerName, brokerPhone, brokerEmail) values (20, 22, 'Aura Richens', '195-372-2143', 'arichensj@gmpg.org');
insert into Broker (brokerID, userID, brokerName, brokerPhone, brokerEmail) values (21, 37, 'Ava Lissett', '307-334-5708', 'alissettk@mayoclinic.com');
insert into Broker (brokerID, userID, brokerName, brokerPhone, brokerEmail) values (22, 18, 'Jeff Blonden', '597-948-4708', 'jblondenl@t-online.de');
insert into Broker (brokerID, userID, brokerName, brokerPhone, brokerEmail) values (23, 36, 'Lucille Kenington', '818-893-6347', 'lkeningtonm@163.com');
insert into Broker (brokerID, userID, brokerName, brokerPhone, brokerEmail) values (24, 15, 'Brander Lytlle', '853-559-8456', 'blytllen@issuu.com');
insert into Broker (brokerID, userID, brokerName, brokerPhone, brokerEmail) values (25, 27, 'Aymer Baigrie', '771-673-6545', 'abaigrieo@google.es');
insert into Broker (brokerID, userID, brokerName, brokerPhone, brokerEmail) values (26, 37, 'Barclay Duddle', '241-514-8934', 'bduddlep@ocn.ne.jp');
insert into Broker (brokerID, userID, brokerName, brokerPhone, brokerEmail) values (27, 14, 'Augusta Dowson', '311-359-4203', 'adowsonq@hexun.com');
insert into Broker (brokerID, userID, brokerName, brokerPhone, brokerEmail) values (28, 32, 'Palmer Baglin', '228-268-9131', 'pbaglinr@ustream.tv');
insert into Broker (brokerID, userID, brokerName, brokerPhone, brokerEmail) values (29, 21, 'Karrah Olivella', '787-264-9414', 'kolivellas@fastcompany.com');
insert into Broker (brokerID, userID, brokerName, brokerPhone, brokerEmail) values (30, 30, 'Rickie Mellings', '981-153-8980', 'rmellingst@ft.com');


insert into Renter (renterID, userID, email, phoneNumber, schoolName, income) values (1, 40, 'ebiasotti0@ebay.com', '905-545-8955', 'Tufts University', 117926.32);
insert into Renter (renterID, userID, email, phoneNumber, schoolName, income) values (2, 14, 'cdunklee1@amazon.co.jp', '858-671-2080', 'Boston College', 24737.68);
insert into Renter (renterID, userID, email, phoneNumber, schoolName, income) values (3, 30, 'ulumox2@reddit.com', '779-547-5904', 'Suffolk University', 36725.63);
insert into Renter (renterID, userID, email, phoneNumber, schoolName, income) values (4, 9, 'mgorioli3@skyrock.com', '394-176-5280', 'Boston College', 57881.49);
insert into Renter (renterID, userID, email, phoneNumber, schoolName, income) values (5, 6, 'lhellewell4@deviantart.com', '328-730-8466', 'Northeastern University', 108499.87);
insert into Renter (renterID, userID, email, phoneNumber, schoolName, income) values (6, 39, 'tposner5@nhs.uk', '685-416-7311', 'Tufts University', 61813.6);
insert into Renter (renterID, userID, email, phoneNumber, schoolName, income) values (7, 30, 'dmathelon6@scribd.com', '964-670-0247', 'Emerson College', 64900.44);
insert into Renter (renterID, userID, email, phoneNumber, schoolName, income) values (8, 40, 'mgepp7@bbc.co.uk', '355-963-3447', 'Tufts University', 72444.57);
insert into Renter (renterID, userID, email, phoneNumber, schoolName, income) values (9, 12, 'emurdy8@google.it', '219-753-5091', 'Boston College', 78216.35);
insert into Renter (renterID, userID, email, phoneNumber, schoolName, income) values (10, 40, 'rmehaffey9@businessinsider.com', '325-776-1289', 'Harvard University', 75159.27);
insert into Renter (renterID, userID, email, phoneNumber, schoolName, income) values (11, 3, 'dhavilea@php.net', '583-198-4665', 'Harvard University', 100716.61);
insert into Renter (renterID, userID, email, phoneNumber, schoolName, income) values (12, 28, 'sserverb@youtube.com', '471-630-5523', 'Tufts University', 70599.05);
insert into Renter (renterID, userID, email, phoneNumber, schoolName, income) values (13, 31, 'nmattsc@deviantart.com', '758-160-9228', 'Tufts University', 66959.24);
insert into Renter (renterID, userID, email, phoneNumber, schoolName, income) values (14, 36, 'dwetherickd@sfgate.com', '121-927-7958', 'Northeastern University', 52370.54);
insert into Renter (renterID, userID, email, phoneNumber, schoolName, income) values (15, 37, 'abeamonde@biglobe.ne.jp', '168-384-2696', 'Northeastern University', 44208.49);
insert into Renter (renterID, userID, email, phoneNumber, schoolName, income) values (16, 30, 'atinglef@themeforest.net', '716-231-1618', 'Emerson College', 41384.42);
insert into Renter (renterID, userID, email, phoneNumber, schoolName, income) values (17, 4, 'medyg@ehow.com', '861-121-7437', 'Boston University', 45360.07);
insert into Renter (renterID, userID, email, phoneNumber, schoolName, income) values (18, 6, 'neslieh@ucoz.ru', '108-959-9053', 'Boston College', 88093.19);
insert into Renter (renterID, userID, email, phoneNumber, schoolName, income) values (19, 15, 'tstanburyi@cafepress.com', '936-581-4713', 'Boston College', 41836.12);
insert into Renter (renterID, userID, email, phoneNumber, schoolName, income) values (20, 29, 'vmcclaryj@gmpg.org', '189-347-9288', 'Boston University', 104378.83);
insert into Renter (renterID, userID, email, phoneNumber, schoolName, income) values (21, 10, 'amungank@cdc.gov', '355-980-1925', 'Boston College', 74741.24);
insert into Renter (renterID, userID, email, phoneNumber, schoolName, income) values (22, 22, 'etezurel@phpbb.com', '322-525-0830', 'Boston College', 109769.66);
insert into Renter (renterID, userID, email, phoneNumber, schoolName, income) values (23, 15, 'mheminsleym@icio.us', '747-763-6234', 'MIT', 65207.83);
insert into Renter (renterID, userID, email, phoneNumber, schoolName, income) values (24, 10, 'sshiresn@gizmodo.com', '659-793-1213', 'Boston University', 80697.58);
insert into Renter (renterID, userID, email, phoneNumber, schoolName, income) values (25, 28, 'jgilkisono@rambler.ru', '198-208-9701', 'Harvard University', 39814.98);
insert into Renter (renterID, userID, email, phoneNumber, schoolName, income) values (26, 8, 'cfolkerdp@free.fr', '298-621-8838', 'Northeastern University', 41903.29);
insert into Renter (renterID, userID, email, phoneNumber, schoolName, income) values (27, 8, 'mduleyq@flavors.me', '671-285-6779', 'Boston College', 50436.72);
insert into Renter (renterID, userID, email, phoneNumber, schoolName, income) values (28, 18, 'tsullerr@exblog.jp', '696-598-8244', 'MIT', 72235.91);
insert into Renter (renterID, userID, email, phoneNumber, schoolName, income) values (29, 37, 'gcorzons@wordpress.com', '471-568-0188', 'Suffolk University', 71833.26);
insert into Renter (renterID, userID, email, phoneNumber, schoolName, income) values (30, 6, 'jbarrt@cam.ac.uk', '618-951-3470', 'Suffolk University', 86527.16);
insert into Renter (renterID, userID, email, phoneNumber, schoolName, income) values (31, 20, 'jgiamelliu@marketwatch.com', '515-958-3234', 'MIT', 41154.29);
insert into Renter (renterID, userID, email, phoneNumber, schoolName, income) values (32, 1, 'qhoonahanv@springer.com', '382-768-7928', 'Emerson College', 61997.04);
insert into Renter (renterID, userID, email, phoneNumber, schoolName, income) values (33, 14, 'drabatw@blog.com', '879-282-9106', 'Tufts University', 117590.33);
insert into Renter (renterID, userID, email, phoneNumber, schoolName, income) values (34, 23, 'nlobellx@salon.com', '103-538-0225', 'Boston College', 50534.24);
insert into Renter (renterID, userID, email, phoneNumber, schoolName, income) values (35, 32, 'dcawthryy@furl.net', '883-406-7894', 'Boston University', 80306.19);


insert into Admin (adminID, userID, adminName, adminEmail, roleTitle) values (1, 11, 'Rosa Ding', 'rding0@gravatar.com', 'Platform Administrator');
insert into Admin (adminID, userID, adminName, adminEmail, roleTitle) values (2, 32, 'Cori Voysey', 'cvoysey1@hostgator.com', 'Data Moderator');
insert into Admin (adminID, userID, adminName, adminEmail, roleTitle) values (3, 4, 'Mack Grolmann', 'mgrolmann2@unc.edu', 'Data Moderator');
insert into Admin (adminID, userID, adminName, adminEmail, roleTitle) values (4, 14, 'Ciel Thulborn', 'cthulborn3@wikipedia.org', 'Data Moderator');
insert into Admin (adminID, userID, adminName, adminEmail, roleTitle) values (5, 13, 'Ainslie Joriot', 'ajoriot4@ezinearticles.com', 'Data Moderator');
insert into Admin (adminID, userID, adminName, adminEmail, roleTitle) values (6, 4, 'Morey Marple', 'mmarple5@diigo.com', 'Platform Administrator');
insert into Admin (adminID, userID, adminName, adminEmail, roleTitle) values (7, 16, 'Debera Werrilow', 'dwerrilow6@chronoengine.com', 'Content Reviewer');
insert into Admin (adminID, userID, adminName, adminEmail, roleTitle) values (8, 33, 'Adelle Henbury', 'ahenbury7@diigo.com', 'Data Moderator');
insert into Admin (adminID, userID, adminName, adminEmail, roleTitle) values (9, 31, 'Carri Garley', 'cgarley8@mlb.com', 'Content Reviewer');
insert into Admin (adminID, userID, adminName, adminEmail, roleTitle) values (10, 23, 'Francoise Greenstock', 'fgreenstock9@vkontakte.ru', 'Content Reviewer');

insert into Listing (listingID, apartmentID, landlordID, brokerID, renterID, availableDate, status, cosignerName, brokerFee) values (1, 28, 25, 21, 33, '6/13/2026', 'available', 'Rycca Greatex', 1289.18);
insert into Listing (listingID, apartmentID, landlordID, brokerID, renterID, availableDate, status, cosignerName, brokerFee) values (2, 34, 12, 2, 21, '9/25/2025', 'rented', 'Di Schindler', 1905.2);
insert into Listing (listingID, apartmentID, landlordID, brokerID, renterID, availableDate, status, cosignerName, brokerFee) values (3, 16, 12, 20, 17, '3/11/2025', 'rented', null, 1779.53);
insert into Listing (listingID, apartmentID, landlordID, brokerID, renterID, availableDate, status, cosignerName, brokerFee) values (4, 19, 5, 29, 1, '1/7/2025', 'archived', null, 2513.92);
insert into Listing (listingID, apartmentID, landlordID, brokerID, renterID, availableDate, status, cosignerName, brokerFee) values (5, 4, 8, 25, 28, '4/4/2025', 'archived', 'Amandie Ribou', 1526.67);
insert into Listing (listingID, apartmentID, landlordID, brokerID, renterID, availableDate, status, cosignerName, brokerFee) values (6, 3, 1, 9, 17, '2/14/2025', 'available', null, 2595.18);
insert into Listing (listingID, apartmentID, landlordID, brokerID, renterID, availableDate, status, cosignerName, brokerFee) values (7, 26, 15, 22, 30, '5/26/2026', 'archived', null, 532.07);
insert into Listing (listingID, apartmentID, landlordID, brokerID, renterID, availableDate, status, cosignerName, brokerFee) values (8, 12, 2, 19, 29, '4/26/2025', 'rented', null, 2782.76);
insert into Listing (listingID, apartmentID, landlordID, brokerID, renterID, availableDate, status, cosignerName, brokerFee) values (9, 12, 7, 23, 11, '3/13/2025', 'archived', 'Mirabella Loveitt', 1756.17);
insert into Listing (listingID, apartmentID, landlordID, brokerID, renterID, availableDate, status, cosignerName, brokerFee) values (10, 6, 26, 30, 7, '6/23/2025', 'inactive', null, 779.3);
insert into Listing (listingID, apartmentID, landlordID, brokerID, renterID, availableDate, status, cosignerName, brokerFee) values (11, 35, 18, 11, 29, '6/25/2025', 'rented', null, 1820.38);
insert into Listing (listingID, apartmentID, landlordID, brokerID, renterID, availableDate, status, cosignerName, brokerFee) values (12, 3, 6, 17, 29, '12/2/2025', 'archived', null, 722.91);
insert into Listing (listingID, apartmentID, landlordID, brokerID, renterID, availableDate, status, cosignerName, brokerFee) values (13, 10, 22, 20, 25, '4/15/2025', 'rented', 'Hercule Ellingford', 2476.45);
insert into Listing (listingID, apartmentID, landlordID, brokerID, renterID, availableDate, status, cosignerName, brokerFee) values (14, 21, 8, 13, 33, '12/29/2025', 'rented', null, 1265.65);
insert into Listing (listingID, apartmentID, landlordID, brokerID, renterID, availableDate, status, cosignerName, brokerFee) values (15, 6, 7, 19, 26, '5/12/2026', 'available', null, 2383.13);
insert into Listing (listingID, apartmentID, landlordID, brokerID, renterID, availableDate, status, cosignerName, brokerFee) values (16, 20, 2, 5, 2, '11/13/2025', 'available', 'Josephine Shwenn', 690.53);
insert into Listing (listingID, apartmentID, landlordID, brokerID, renterID, availableDate, status, cosignerName, brokerFee) values (17, 16, 30, 6, 25, '4/19/2025', 'rented', 'Ervin Hammerstone', 2110.98);
insert into Listing (listingID, apartmentID, landlordID, brokerID, renterID, availableDate, status, cosignerName, brokerFee) values (18, 8, 21, 4, 13, '2/13/2025', 'inactive', 'Engracia Reiglar', 1221.77);
insert into Listing (listingID, apartmentID, landlordID, brokerID, renterID, availableDate, status, cosignerName, brokerFee) values (19, 5, 8, 25, 4, '7/12/2025', 'available', 'Ole Stanning', 2541.94);
insert into Listing (listingID, apartmentID, landlordID, brokerID, renterID, availableDate, status, cosignerName, brokerFee) values (20, 6, 6, 21, 20, '4/4/2025', 'rented', null, 1647.3);
insert into Listing (listingID, apartmentID, landlordID, brokerID, renterID, availableDate, status, cosignerName, brokerFee) values (21, 6, 26, 12, 21, '5/26/2025', 'archived', 'Teresita Bearham', 2005.2);
insert into Listing (listingID, apartmentID, landlordID, brokerID, renterID, availableDate, status, cosignerName, brokerFee) values (22, 11, 17, 27, 1, '7/10/2026', 'archived', 'Ewart Staley', 2315.35);
insert into Listing (listingID, apartmentID, landlordID, brokerID, renterID, availableDate, status, cosignerName, brokerFee) values (23, 10, 18, 4, 27, '2/10/2026', 'rented', null, 749.43);
insert into Listing (listingID, apartmentID, landlordID, brokerID, renterID, availableDate, status, cosignerName, brokerFee) values (24, 4, 3, 9, 21, '2/14/2025', 'rented', 'Theobald Bloodworthe', 952.73);
insert into Listing (listingID, apartmentID, landlordID, brokerID, renterID, availableDate, status, cosignerName, brokerFee) values (25, 16, 10, 10, 33, '3/28/2025', 'inactive', null, 2091.17);
insert into Listing (listingID, apartmentID, landlordID, brokerID, renterID, availableDate, status, cosignerName, brokerFee) values (26, 1, 21, 18, 30, '11/4/2026', 'inactive', 'Daron Caddie', 1359.09);
insert into Listing (listingID, apartmentID, landlordID, brokerID, renterID, availableDate, status, cosignerName, brokerFee) values (27, 28, 17, 27, 2, '2/8/2025', 'inactive', null, 1791.91);
insert into Listing (listingID, apartmentID, landlordID, brokerID, renterID, availableDate, status, cosignerName, brokerFee) values (28, 8, 13, 6, 13, '8/13/2026', 'available', 'Hastie Seyers', 2374.92);
insert into Listing (listingID, apartmentID, landlordID, brokerID, renterID, availableDate, status, cosignerName, brokerFee) values (29, 6, 21, 16, 26, '8/9/2026', 'available', 'Kerrill McIlriach', 541.35);
insert into Listing (listingID, apartmentID, landlordID, brokerID, renterID, availableDate, status, cosignerName, brokerFee) values (30, 25, 28, 5, 27, '6/29/2025', 'available', 'Eben Durber', 824.45);
insert into Listing (listingID, apartmentID, landlordID, brokerID, renterID, availableDate, status, cosignerName, brokerFee) values (31, 35, 18, 12, 26, '8/20/2025', 'archived', 'Teddie Jeakins', 1098.95);
insert into Listing (listingID, apartmentID, landlordID, brokerID, renterID, availableDate, status, cosignerName, brokerFee) values (32, 28, 19, 25, 1, '10/28/2026', 'inactive', 'Janka Jewkes', 1911.03);
insert into Listing (listingID, apartmentID, landlordID, brokerID, renterID, availableDate, status, cosignerName, brokerFee) values (33, 16, 18, 29, 6, '10/18/2026', 'archived', 'Eachelle Brende', 1554.16);
insert into Listing (listingID, apartmentID, landlordID, brokerID, renterID, availableDate, status, cosignerName, brokerFee) values (34, 19, 6, 14, 15, '11/26/2025', 'available', 'Virginia Ricket', 2448.53);
insert into Listing (listingID, apartmentID, landlordID, brokerID, renterID, availableDate, status, cosignerName, brokerFee) values (35, 27, 30, 24, 7, '2/18/2026', 'available', 'Ardene Hurst', 527.33);
insert into Listing (listingID, apartmentID, landlordID, brokerID, renterID, availableDate, status, cosignerName, brokerFee) values (36, 23, 23, 25, 29, '2/21/2026', 'rented', null, 1897.46);
insert into Listing (listingID, apartmentID, landlordID, brokerID, renterID, availableDate, status, cosignerName, brokerFee) values (37, 27, 1, 16, 30, '11/5/2025', 'rented', null, 1883.67);
insert into Listing (listingID, apartmentID, landlordID, brokerID, renterID, availableDate, status, cosignerName, brokerFee) values (38, 2, 6, 19, 13, '5/2/2025', 'inactive', null, 1666.15);
insert into Listing (listingID, apartmentID, landlordID, brokerID, renterID, availableDate, status, cosignerName, brokerFee) values (39, 33, 9, 21, 28, '12/12/2025', 'inactive', 'Galvan Ellwand', 707.87);
insert into Listing (listingID, apartmentID, landlordID, brokerID, renterID, availableDate, status, cosignerName, brokerFee) values (40, 29, 23, 23, 24, '8/11/2025', 'available', null, 2174.91);
insert into Listing (listingID, apartmentID, landlordID, brokerID, renterID, availableDate, status, cosignerName, brokerFee) values (41, 30, 10, 25, 17, '6/24/2025', 'inactive', null, 1080.23);
insert into Listing (listingID, apartmentID, landlordID, brokerID, renterID, availableDate, status, cosignerName, brokerFee) values (42, 22, 12, 12, 31, '4/13/2025', 'archived', 'Aeriell Navarijo', 692.37);
insert into Listing (listingID, apartmentID, landlordID, brokerID, renterID, availableDate, status, cosignerName, brokerFee) values (43, 20, 21, 25, 10, '5/16/2025', 'rented', 'Colby Church', 2533.3);
insert into Listing (listingID, apartmentID, landlordID, brokerID, renterID, availableDate, status, cosignerName, brokerFee) values (44, 29, 5, 15, 19, '2/26/2025', 'available', null, 1638.05);
insert into Listing (listingID, apartmentID, landlordID, brokerID, renterID, availableDate, status, cosignerName, brokerFee) values (45, 14, 15, 19, 22, '3/9/2025', 'archived', 'Eloisa Prinnett', 1950.91);
insert into Listing (listingID, apartmentID, landlordID, brokerID, renterID, availableDate, status, cosignerName, brokerFee) values (46, 20, 12, 20, 9, '1/9/2026', 'archived', 'Ysabel Spooner', 2991.45);
insert into Listing (listingID, apartmentID, landlordID, brokerID, renterID, availableDate, status, cosignerName, brokerFee) values (47, 7, 28, 4, 28, '11/1/2026', 'available', 'Alexa Shaul', 2950.9);
insert into Listing (listingID, apartmentID, landlordID, brokerID, renterID, availableDate, status, cosignerName, brokerFee) values (48, 15, 22, 24, 31, '7/7/2026', 'inactive', null, 1735.28);
insert into Listing (listingID, apartmentID, landlordID, brokerID, renterID, availableDate, status, cosignerName, brokerFee) values (49, 34, 18, 20, 9, '1/31/2025', 'archived', 'Glenn Dawbery', 572.26);
insert into Listing (listingID, apartmentID, landlordID, brokerID, renterID, availableDate, status, cosignerName, brokerFee) values (50, 10, 28, 25, 26, '12/12/2026', 'rented', null, 1666.32);
insert into Listing (listingID, apartmentID, landlordID, brokerID, renterID, availableDate, status, cosignerName, brokerFee) values (51, 7, 23, 17, 1, '4/8/2025', 'available', 'Wash Ledgley', 1120.62);
insert into Listing (listingID, apartmentID, landlordID, brokerID, renterID, availableDate, status, cosignerName, brokerFee) values (52, 4, 12, 7, 31, '1/7/2025', 'rented', null, 2318.86);
insert into Listing (listingID, apartmentID, landlordID, brokerID, renterID, availableDate, status, cosignerName, brokerFee) values (53, 11, 23, 27, 35, '9/28/2025', 'rented', null, 640.98);
insert into Listing (listingID, apartmentID, landlordID, brokerID, renterID, availableDate, status, cosignerName, brokerFee) values (54, 27, 13, 17, 2, '4/20/2025', 'rented', 'Casar Nosworthy', 1961.26);
insert into Listing (listingID, apartmentID, landlordID, brokerID, renterID, availableDate, status, cosignerName, brokerFee) values (55, 21, 19, 4, 21, '12/3/2025', 'available', 'Clari Roofe', 1881.35);
insert into Listing (listingID, apartmentID, landlordID, brokerID, renterID, availableDate, status, cosignerName, brokerFee) values (56, 26, 23, 11, 3, '11/22/2025', 'archived', null, 1847.97);
insert into Listing (listingID, apartmentID, landlordID, brokerID, renterID, availableDate, status, cosignerName, brokerFee) values (57, 20, 5, 8, 31, '1/27/2025', 'inactive', null, 1945.19);
insert into Listing (listingID, apartmentID, landlordID, brokerID, renterID, availableDate, status, cosignerName, brokerFee) values (58, 23, 22, 26, 33, '7/17/2026', 'available', null, 874.15);
insert into Listing (listingID, apartmentID, landlordID, brokerID, renterID, availableDate, status, cosignerName, brokerFee) values (59, 1, 11, 29, 31, '10/26/2026', 'rented', 'Hersch Dibbs', 2991.13);
insert into Listing (listingID, apartmentID, landlordID, brokerID, renterID, availableDate, status, cosignerName, brokerFee) values (60, 11, 19, 10, 31, '11/24/2026', 'available', 'Harlan Ridolfi', 581.01);

insert into ListingImage (listingImageID, imageURL, listingID) values (1, 'https://example.com/image9.jpg', 13);
insert into ListingImage (listingImageID, imageURL, listingID) values (2, 'https://example.com/image5.jpg', 4);
insert into ListingImage (listingImageID, imageURL, listingID) values (3, 'https://example.com/image1.jpg', 28);
insert into ListingImage (listingImageID, imageURL, listingID) values (4, 'https://example.com/image10.jpg', 32);
insert into ListingImage (listingImageID, imageURL, listingID) values (5, 'https://example.com/image6.jpg', 9);
insert into ListingImage (listingImageID, imageURL, listingID) values (6, 'https://example.com/image7.jpg', 49);
insert into ListingImage (listingImageID, imageURL, listingID) values (7, 'https://example.com/image5.jpg', 24);
insert into ListingImage (listingImageID, imageURL, listingID) values (8, 'https://example.com/image5.jpg', 9);
insert into ListingImage (listingImageID, imageURL, listingID) values (9, 'https://example.com/image1.jpg', 39);
insert into ListingImage (listingImageID, imageURL, listingID) values (10, 'https://example.com/image8.jpg', 21);
insert into ListingImage (listingImageID, imageURL, listingID) values (11, 'https://example.com/image4.jpg', 18);
insert into ListingImage (listingImageID, imageURL, listingID) values (12, 'https://example.com/image10.jpg', 31);
insert into ListingImage (listingImageID, imageURL, listingID) values (13, 'https://example.com/image1.jpg', 27);
insert into ListingImage (listingImageID, imageURL, listingID) values (14, 'https://example.com/image6.jpg', 5);
insert into ListingImage (listingImageID, imageURL, listingID) values (15, 'https://example.com/image3.jpg', 41);
insert into ListingImage (listingImageID, imageURL, listingID) values (16, 'https://example.com/image7.jpg', 3);
insert into ListingImage (listingImageID, imageURL, listingID) values (17, 'https://example.com/image6.jpg', 51);
insert into ListingImage (listingImageID, imageURL, listingID) values (18, 'https://example.com/image4.jpg', 46);
insert into ListingImage (listingImageID, imageURL, listingID) values (19, 'https://example.com/image8.jpg', 25);
insert into ListingImage (listingImageID, imageURL, listingID) values (20, 'https://example.com/image4.jpg', 45);
insert into ListingImage (listingImageID, imageURL, listingID) values (21, 'https://example.com/image9.jpg', 29);
insert into ListingImage (listingImageID, imageURL, listingID) values (22, 'https://example.com/image8.jpg', 20);
insert into ListingImage (listingImageID, imageURL, listingID) values (23, 'https://example.com/image1.jpg', 2);
insert into ListingImage (listingImageID, imageURL, listingID) values (24, 'https://example.com/image2.jpg', 52);
insert into ListingImage (listingImageID, imageURL, listingID) values (25, 'https://example.com/image10.jpg', 6);
insert into ListingImage (listingImageID, imageURL, listingID) values (26, 'https://example.com/image10.jpg', 8);
insert into ListingImage (listingImageID, imageURL, listingID) values (27, 'https://example.com/image6.jpg', 60);
insert into ListingImage (listingImageID, imageURL, listingID) values (28, 'https://example.com/image9.jpg', 17);
insert into ListingImage (listingImageID, imageURL, listingID) values (29, 'https://example.com/image8.jpg', 51);
insert into ListingImage (listingImageID, imageURL, listingID) values (30, 'https://example.com/image2.jpg', 4);
insert into ListingImage (listingImageID, imageURL, listingID) values (31, 'https://example.com/image1.jpg', 53);
insert into ListingImage (listingImageID, imageURL, listingID) values (32, 'https://example.com/image8.jpg', 21);
insert into ListingImage (listingImageID, imageURL, listingID) values (33, 'https://example.com/image7.jpg', 35);
insert into ListingImage (listingImageID, imageURL, listingID) values (34, 'https://example.com/image2.jpg', 23);
insert into ListingImage (listingImageID, imageURL, listingID) values (35, 'https://example.com/image5.jpg', 43);
insert into ListingImage (listingImageID, imageURL, listingID) values (36, 'https://example.com/image2.jpg', 12);
insert into ListingImage (listingImageID, imageURL, listingID) values (37, 'https://example.com/image6.jpg', 16);
insert into ListingImage (listingImageID, imageURL, listingID) values (38, 'https://example.com/image9.jpg', 48);
insert into ListingImage (listingImageID, imageURL, listingID) values (39, 'https://example.com/image4.jpg', 8);
insert into ListingImage (listingImageID, imageURL, listingID) values (40, 'https://example.com/image4.jpg', 15);
insert into ListingImage (listingImageID, imageURL, listingID) values (41, 'https://example.com/image1.jpg', 19);
insert into ListingImage (listingImageID, imageURL, listingID) values (42, 'https://example.com/image9.jpg', 58);
insert into ListingImage (listingImageID, imageURL, listingID) values (43, 'https://example.com/image9.jpg', 16);
insert into ListingImage (listingImageID, imageURL, listingID) values (44, 'https://example.com/image8.jpg', 28);
insert into ListingImage (listingImageID, imageURL, listingID) values (45, 'https://example.com/image8.jpg', 23);
insert into ListingImage (listingImageID, imageURL, listingID) values (46, 'https://example.com/image2.jpg', 16);
insert into ListingImage (listingImageID, imageURL, listingID) values (47, 'https://example.com/image2.jpg', 47);
insert into ListingImage (listingImageID, imageURL, listingID) values (48, 'https://example.com/image8.jpg', 18);
insert into ListingImage (listingImageID, imageURL, listingID) values (49, 'https://example.com/image1.jpg', 14);
insert into ListingImage (listingImageID, imageURL, listingID) values (50, 'https://example.com/image3.jpg', 22);
insert into ListingImage (listingImageID, imageURL, listingID) values (51, 'https://example.com/image5.jpg', 54);
insert into ListingImage (listingImageID, imageURL, listingID) values (52, 'https://example.com/image7.jpg', 45);
insert into ListingImage (listingImageID, imageURL, listingID) values (53, 'https://example.com/image1.jpg', 42);
insert into ListingImage (listingImageID, imageURL, listingID) values (54, 'https://example.com/image5.jpg', 3);
insert into ListingImage (listingImageID, imageURL, listingID) values (55, 'https://example.com/image6.jpg', 33);
insert into ListingImage (listingImageID, imageURL, listingID) values (56, 'https://example.com/image6.jpg', 43);
insert into ListingImage (listingImageID, imageURL, listingID) values (57, 'https://example.com/image2.jpg', 60);
insert into ListingImage (listingImageID, imageURL, listingID) values (58, 'https://example.com/image10.jpg', 16);
insert into ListingImage (listingImageID, imageURL, listingID) values (59, 'https://example.com/image7.jpg', 44);
insert into ListingImage (listingImageID, imageURL, listingID) values (60, 'https://example.com/image9.jpg', 10);
insert into ListingImage (listingImageID, imageURL, listingID) values (61, 'https://example.com/image10.jpg', 2);
insert into ListingImage (listingImageID, imageURL, listingID) values (62, 'https://example.com/image8.jpg', 19);
insert into ListingImage (listingImageID, imageURL, listingID) values (63, 'https://example.com/image5.jpg', 3);
insert into ListingImage (listingImageID, imageURL, listingID) values (64, 'https://example.com/image8.jpg', 23);
insert into ListingImage (listingImageID, imageURL, listingID) values (65, 'https://example.com/image6.jpg', 2);
insert into ListingImage (listingImageID, imageURL, listingID) values (66, 'https://example.com/image10.jpg', 14);
insert into ListingImage (listingImageID, imageURL, listingID) values (67, 'https://example.com/image8.jpg', 36);
insert into ListingImage (listingImageID, imageURL, listingID) values (68, 'https://example.com/image2.jpg', 15);
insert into ListingImage (listingImageID, imageURL, listingID) values (69, 'https://example.com/image9.jpg', 26);
insert into ListingImage (listingImageID, imageURL, listingID) values (70, 'https://example.com/image8.jpg', 56);
insert into ListingImage (listingImageID, imageURL, listingID) values (71, 'https://example.com/image3.jpg', 18);
insert into ListingImage (listingImageID, imageURL, listingID) values (72, 'https://example.com/image10.jpg', 28);
insert into ListingImage (listingImageID, imageURL, listingID) values (73, 'https://example.com/image9.jpg', 50);
insert into ListingImage (listingImageID, imageURL, listingID) values (74, 'https://example.com/image10.jpg', 11);
insert into ListingImage (listingImageID, imageURL, listingID) values (75, 'https://example.com/image9.jpg', 55);

insert into Inquiry (inquiryID, listingID, senderName, senderEmail, message, sentAt, isRead) values (1, 50, 'Archaimbaud Jansky', 'ajansky0@google.fr', 'How long is the lease term?', '6/22/2025', 0);
insert into Inquiry (inquiryID, listingID, senderName, senderEmail, message, sentAt, isRead) values (2, 60, 'Sascha Cuniffe', 'scuniffe1@tiny.cc', 'I would like to schedule a tour.', '5/22/2025', 0);
insert into Inquiry (inquiryID, listingID, senderName, senderEmail, message, sentAt, isRead) values (3, 23, 'Orly Jay', 'ojay2@usgs.gov', 'Are utilities included?', '5/6/2025', 0);
insert into Inquiry (inquiryID, listingID, senderName, senderEmail, message, sentAt, isRead) values (4, 20, 'Krispin Laux', 'klaux3@ezinearticles.com', 'Are pets allowed in this unit?', '4/21/2025', 0);
insert into Inquiry (inquiryID, listingID, senderName, senderEmail, message, sentAt, isRead) values (5, 49, 'Hansiain Mortimer', 'hmortimer4@phpbb.com', 'Are pets allowed in this unit?', '11/27/2025', 1);
insert into Inquiry (inquiryID, listingID, senderName, senderEmail, message, sentAt, isRead) values (6, 6, 'Kania McKeon', 'kmckeon5@usa.gov', 'How much is the security deposit?', '10/20/2025', 0);
insert into Inquiry (inquiryID, listingID, senderName, senderEmail, message, sentAt, isRead) values (7, 47, 'Terencio Rainville', 'trainville6@psu.edu', 'How long is the lease term?', '2/14/2025', 1);
insert into Inquiry (inquiryID, listingID, senderName, senderEmail, message, sentAt, isRead) values (8, 42, 'Kylie Birkby', 'kbirkby7@google.com.hk', 'Is this unit still available?', '11/17/2025', 0);
insert into Inquiry (inquiryID, listingID, senderName, senderEmail, message, sentAt, isRead) values (9, 54, 'Benedikt Benneyworth', 'bbenneyworth8@vistaprint.com', 'Can I schedule a viewing this week?', '6/28/2025', 0);
insert into Inquiry (inquiryID, listingID, senderName, senderEmail, message, sentAt, isRead) values (10, 52, 'Horatio Yurkov', 'hyurkov9@google.pl', 'Is parking available?', '6/3/2025', 0);
insert into Inquiry (inquiryID, listingID, senderName, senderEmail, message, sentAt, isRead) values (11, 19, 'Mersey Kilshall', 'mkilshalla@macromedia.com', 'Are pets allowed in this unit?', '6/20/2025', 0);
insert into Inquiry (inquiryID, listingID, senderName, senderEmail, message, sentAt, isRead) values (12, 46, 'Mirilla Aylmer', 'maylmerb@illinois.edu', 'can you provide more details?', '3/4/2025', 0);
insert into Inquiry (inquiryID, listingID, senderName, senderEmail, message, sentAt, isRead) values (13, 27, 'Zollie Piffe', 'zpiffec@chronoengine.com', 'Is this unit still available?', '11/5/2025', 1);
insert into Inquiry (inquiryID, listingID, senderName, senderEmail, message, sentAt, isRead) values (14, 23, 'Saleem Eltun', 'seltund@chronoengine.com', 'Are pets allowed in this unit?', '8/4/2025', 1);
insert into Inquiry (inquiryID, listingID, senderName, senderEmail, message, sentAt, isRead) values (15, 29, 'Ruthi Durward', 'rdurwarde@taobao.com', 'Is parking available?', '7/9/2025', 0);
insert into Inquiry (inquiryID, listingID, senderName, senderEmail, message, sentAt, isRead) values (16, 14, 'Rozina Blunn', 'rblunnf@joomla.org', 'Can I schedule a viewing this week?', '9/29/2025', 1);
insert into Inquiry (inquiryID, listingID, senderName, senderEmail, message, sentAt, isRead) values (17, 31, 'Elfrieda Stother', 'estotherg@mapquest.com', 'I am interested in this apartment', '8/17/2025', 1);
insert into Inquiry (inquiryID, listingID, senderName, senderEmail, message, sentAt, isRead) values (18, 11, 'Shannah Doumenc', 'sdoumench@themeforest.net', 'Is parking available?', '9/9/2025', 1);
insert into Inquiry (inquiryID, listingID, senderName, senderEmail, message, sentAt, isRead) values (19, 51, 'Wyndham Moffatt', 'wmoffatti@cocolog-nifty.com', 'I would like to schedule a tour.', '7/28/2025', 0);
insert into Inquiry (inquiryID, listingID, senderName, senderEmail, message, sentAt, isRead) values (20, 43, 'Niles Gonnard', 'ngonnardj@washington.edu', 'I would like to schedule a tour.', '4/18/2025', 0);
insert into Inquiry (inquiryID, listingID, senderName, senderEmail, message, sentAt, isRead) values (21, 46, 'Tymon Matthis', 'tmatthisk@ovh.net', 'Are pets allowed in this unit?', '11/5/2025', 0);
insert into Inquiry (inquiryID, listingID, senderName, senderEmail, message, sentAt, isRead) values (22, 28, 'Belicia Tellenbrok', 'btellenbrokl@tuttocitta.it', 'How long is the lease term?', '8/13/2025', 1);
insert into Inquiry (inquiryID, listingID, senderName, senderEmail, message, sentAt, isRead) values (23, 52, 'Niles Rigardeau', 'nrigardeaum@yellowbook.com', 'How long is the lease term?', '5/30/2025', 1);
insert into Inquiry (inquiryID, listingID, senderName, senderEmail, message, sentAt, isRead) values (24, 15, 'Muffin Tiley', 'mtileyn@forbes.com', 'I would like to schedule a tour.', '8/4/2025', 0);
insert into Inquiry (inquiryID, listingID, senderName, senderEmail, message, sentAt, isRead) values (25, 1, 'Benton Bein', 'bbeino@alibaba.com', 'can you provide more details?', '10/30/2025', 1);
insert into Inquiry (inquiryID, listingID, senderName, senderEmail, message, sentAt, isRead) values (26, 30, 'Essa Eastabrook', 'eeastabrookp@homestead.com', 'How long is the lease term?', '2/18/2025', 0);
insert into Inquiry (inquiryID, listingID, senderName, senderEmail, message, sentAt, isRead) values (27, 2, 'Rowan Sudron', 'rsudronq@blogtalkradio.com', 'Are utilities included?', '9/27/2025', 1);
insert into Inquiry (inquiryID, listingID, senderName, senderEmail, message, sentAt, isRead) values (28, 14, 'Nerte Bagnold', 'nbagnoldr@joomla.org', 'Can I schedule a viewing this week?', '11/12/2025', 1);
insert into Inquiry (inquiryID, listingID, senderName, senderEmail, message, sentAt, isRead) values (29, 38, 'Tarra Hincks', 'thinckss@google.com.hk', 'Is this unit still available?', '2/3/2025', 0);
insert into Inquiry (inquiryID, listingID, senderName, senderEmail, message, sentAt, isRead) values (30, 21, 'Kary Asquez', 'kasquezt@craigslist.org', 'How much is the security deposit?', '2/28/2025', 1);
insert into Inquiry (inquiryID, listingID, senderName, senderEmail, message, sentAt, isRead) values (31, 18, 'Birch Myrtle', 'bmyrtleu@wufoo.com', 'Is parking available?', '11/23/2025', 0);
insert into Inquiry (inquiryID, listingID, senderName, senderEmail, message, sentAt, isRead) values (32, 34, 'Colly Cheasman', 'ccheasmanv@github.com', 'Is parking available?', '10/6/2025', 0);
insert into Inquiry (inquiryID, listingID, senderName, senderEmail, message, sentAt, isRead) values (33, 57, 'Kelby Wurz', 'kwurzw@forbes.com', 'can you provide more details?', '9/18/2025', 1);
insert into Inquiry (inquiryID, listingID, senderName, senderEmail, message, sentAt, isRead) values (34, 9, 'Gilly Adamec', 'gadamecx@omniture.com', 'Can I schedule a viewing this week?', '10/14/2025', 1);
insert into Inquiry (inquiryID, listingID, senderName, senderEmail, message, sentAt, isRead) values (35, 3, 'Maud Kier', 'mkiery@businessweek.com', 'can you provide more details?', '3/25/2025', 1);
insert into Inquiry (inquiryID, listingID, senderName, senderEmail, message, sentAt, isRead) values (36, 1, 'Ashley Reschke', 'areschkez@reverbnation.com', 'How long is the lease term?', '9/25/2025', 1);
insert into Inquiry (inquiryID, listingID, senderName, senderEmail, message, sentAt, isRead) values (37, 39, 'Jard Tourle', 'jtourle10@dagondesign.com', 'Is this unit still available?', '5/12/2025', 0);
insert into Inquiry (inquiryID, listingID, senderName, senderEmail, message, sentAt, isRead) values (38, 34, 'Esther Brideaux', 'ebrideaux11@mashable.com', 'Is parking available?', '6/6/2025', 1);
insert into Inquiry (inquiryID, listingID, senderName, senderEmail, message, sentAt, isRead) values (39, 41, 'Stevena Cordsen', 'scordsen12@msu.edu', 'What is included in the rent?', '6/11/2025', 1);
insert into Inquiry (inquiryID, listingID, senderName, senderEmail, message, sentAt, isRead) values (40, 33, 'Tate Watsham', 'twatsham13@guardian.co.uk', 'can you provide more details?', '11/11/2025', 1);
insert into Inquiry (inquiryID, listingID, senderName, senderEmail, message, sentAt, isRead) values (41, 54, 'Allsun Brooks', 'abrooks14@amazon.co.jp', 'can you provide more details?', '7/26/2025', 0);
insert into Inquiry (inquiryID, listingID, senderName, senderEmail, message, sentAt, isRead) values (42, 50, 'Nellie Spurr', 'nspurr15@taobao.com', 'Is parking available?', '9/27/2025', 0);
insert into Inquiry (inquiryID, listingID, senderName, senderEmail, message, sentAt, isRead) values (43, 36, 'Ailee Brabyn', 'abrabyn16@bloglines.com', 'can you provide more details?', '10/10/2025', 1);
insert into Inquiry (inquiryID, listingID, senderName, senderEmail, message, sentAt, isRead) values (44, 38, 'Caren Bury', 'cbury17@uiuc.edu', 'Are utilities included?', '7/4/2025', 1);
insert into Inquiry (inquiryID, listingID, senderName, senderEmail, message, sentAt, isRead) values (45, 51, 'Ketti Gronowe', 'kgronowe18@nyu.edu', 'How much is the security deposit?', '2/15/2025', 0);
insert into Inquiry (inquiryID, listingID, senderName, senderEmail, message, sentAt, isRead) values (46, 17, 'Katherina Housam', 'khousam19@fda.gov', 'Are pets allowed in this unit?', '5/20/2025', 1);
insert into Inquiry (inquiryID, listingID, senderName, senderEmail, message, sentAt, isRead) values (47, 49, 'Forester Bridel', 'fbridel1a@slideshare.net', 'How long is the lease term?', '9/3/2025', 0);
insert into Inquiry (inquiryID, listingID, senderName, senderEmail, message, sentAt, isRead) values (48, 24, 'Hall Mullarkey', 'hmullarkey1b@ftc.gov', 'Are utilities included?', '5/24/2025', 1);
insert into Inquiry (inquiryID, listingID, senderName, senderEmail, message, sentAt, isRead) values (49, 2, 'Else Grelka', 'egrelka1c@sohu.com', 'I am interested in this apartment', '10/15/2025', 0);
insert into Inquiry (inquiryID, listingID, senderName, senderEmail, message, sentAt, isRead) values (50, 24, 'Matilde Tarplee', 'mtarplee1d@g.co', 'Can I schedule a viewing this week?', '12/8/2025', 1);
insert into Inquiry (inquiryID, listingID, senderName, senderEmail, message, sentAt, isRead) values (51, 51, 'Lawton Bachmann', 'lbachmann1e@exblog.jp', 'Are pets allowed in this unit?', '10/4/2025', 1);
insert into Inquiry (inquiryID, listingID, senderName, senderEmail, message, sentAt, isRead) values (52, 24, 'Arnoldo Ingall', 'aingall1f@wunderground.com', 'Is this unit still available?', '7/6/2025', 0);
insert into Inquiry (inquiryID, listingID, senderName, senderEmail, message, sentAt, isRead) values (53, 23, 'Mersey Rainbow', 'mrainbow1g@sogou.com', 'Are pets allowed in this unit?', '6/11/2025', 1);
insert into Inquiry (inquiryID, listingID, senderName, senderEmail, message, sentAt, isRead) values (54, 60, 'Clemence Lehrer', 'clehrer1h@360.cn', 'Is parking available?', '1/3/2025', 0);
insert into Inquiry (inquiryID, listingID, senderName, senderEmail, message, sentAt, isRead) values (55, 20, 'Ted Stuckley', 'tstuckley1i@indiatimes.com', 'I would like to schedule a tour.', '5/20/2025', 1);
insert into Inquiry (inquiryID, listingID, senderName, senderEmail, message, sentAt, isRead) values (56, 5, 'Juliet Lewisham', 'jlewisham1j@gizmodo.com', 'I would like to schedule a tour.', '2/17/2025', 1);
insert into Inquiry (inquiryID, listingID, senderName, senderEmail, message, sentAt, isRead) values (57, 32, 'Fields Nussey', 'fnussey1k@desdev.cn', 'What is included in the rent?', '7/25/2025', 0);
insert into Inquiry (inquiryID, listingID, senderName, senderEmail, message, sentAt, isRead) values (58, 10, 'Davidson Malden', 'dmalden1l@yellowbook.com', 'Can I schedule a viewing this week?', '7/22/2025', 1);
insert into Inquiry (inquiryID, listingID, senderName, senderEmail, message, sentAt, isRead) values (59, 26, 'Jenn Couttes', 'jcouttes1m@utexas.edu', 'Is parking available?', '7/7/2025', 0);
insert into Inquiry (inquiryID, listingID, senderName, senderEmail, message, sentAt, isRead) values (60, 17, 'Devlin Hince', 'dhince1n@boston.com', 'Can I schedule a viewing this week?', '1/3/2025', 1);
insert into Inquiry (inquiryID, listingID, senderName, senderEmail, message, sentAt, isRead) values (61, 8, 'Shawnee Cowles', 'scowles1o@stanford.edu', 'Are utilities included?', '8/8/2025', 0);
insert into Inquiry (inquiryID, listingID, senderName, senderEmail, message, sentAt, isRead) values (62, 59, 'Percival Okeshott', 'pokeshott1p@cloudflare.com', 'Are utilities included?', '3/1/2025', 0);
insert into Inquiry (inquiryID, listingID, senderName, senderEmail, message, sentAt, isRead) values (63, 47, 'Hussein Petett', 'hpetett1q@last.fm', 'I would like to schedule a tour.', '5/1/2025', 0);
insert into Inquiry (inquiryID, listingID, senderName, senderEmail, message, sentAt, isRead) values (64, 31, 'Kat Fuzzard', 'kfuzzard1r@telegraph.co.uk', 'I am interested in this apartment', '5/10/2025', 1);
insert into Inquiry (inquiryID, listingID, senderName, senderEmail, message, sentAt, isRead) values (65, 49, 'Tod MacGown', 'tmacgown1s@arizona.edu', 'What is included in the rent?', '12/24/2025', 0);
insert into Inquiry (inquiryID, listingID, senderName, senderEmail, message, sentAt, isRead) values (66, 40, 'Konstance Messent', 'kmessent1t@jugem.jp', 'Can I schedule a viewing this week?', '3/14/2025', 1);
insert into Inquiry (inquiryID, listingID, senderName, senderEmail, message, sentAt, isRead) values (67, 47, 'Arron Jendrach', 'ajendrach1u@drupal.org', 'Can I schedule a viewing this week?', '11/28/2025', 1);
insert into Inquiry (inquiryID, listingID, senderName, senderEmail, message, sentAt, isRead) values (68, 25, 'Nannette Marskell', 'nmarskell1v@theguardian.com', 'I am interested in this apartment', '7/10/2025', 0);
insert into Inquiry (inquiryID, listingID, senderName, senderEmail, message, sentAt, isRead) values (69, 34, 'Jessalyn Gergher', 'jgergher1w@accuweather.com', 'can you provide more details?', '2/19/2025', 1);
insert into Inquiry (inquiryID, listingID, senderName, senderEmail, message, sentAt, isRead) values (70, 8, 'Alister Alentyev', 'aalentyev1x@simplemachines.org', 'How long is the lease term?', '10/30/2025', 1);
insert into Inquiry (inquiryID, listingID, senderName, senderEmail, message, sentAt, isRead) values (71, 46, 'Melinda Ferris', 'mferris1y@dagondesign.com', 'I would like to schedule a tour.', '11/22/2025', 1);
insert into Inquiry (inquiryID, listingID, senderName, senderEmail, message, sentAt, isRead) values (72, 59, 'Diego Saggs', 'dsaggs1z@bigcartel.com', 'Is this unit still available?', '6/4/2025', 1);
insert into Inquiry (inquiryID, listingID, senderName, senderEmail, message, sentAt, isRead) values (73, 38, 'Marijn Buscher', 'mbuscher20@nhs.uk', 'How much is the security deposit?', '10/26/2025', 1);
insert into Inquiry (inquiryID, listingID, senderName, senderEmail, message, sentAt, isRead) values (74, 50, 'Sigmund Osmant', 'sosmant21@businesswire.com', 'I would like to schedule a tour.', '10/17/2025', 0);
insert into Inquiry (inquiryID, listingID, senderName, senderEmail, message, sentAt, isRead) values (75, 21, 'Inger Heiton', 'iheiton22@usgs.gov', 'What is included in the rent?', '6/27/2025', 1);

insert into PerformanceReport (reportID, apartmentID, brokerID, applicationsCount, occupancyRate, daysOnMarket, viewCount) values (1, 11, 15, 3, null, 186, 425);
insert into PerformanceReport (reportID, apartmentID, brokerID, applicationsCount, occupancyRate, daysOnMarket, viewCount) values (2, 24, 14, 34, 33.8, 53, 307);
insert into PerformanceReport (reportID, apartmentID, brokerID, applicationsCount, occupancyRate, daysOnMarket, viewCount) values (3, 20, 27, 30, 19.68, 107, 415);
insert into PerformanceReport (reportID, apartmentID, brokerID, applicationsCount, occupancyRate, daysOnMarket, viewCount) values (4, 4, 13, 46, null, 68, 373);
insert into PerformanceReport (reportID, apartmentID, brokerID, applicationsCount, occupancyRate, daysOnMarket, viewCount) values (5, 3, 8, 14, null, 76, 342);
insert into PerformanceReport (reportID, apartmentID, brokerID, applicationsCount, occupancyRate, daysOnMarket, viewCount) values (6, 25, 9, 29, null, 64, 330);
insert into PerformanceReport (reportID, apartmentID, brokerID, applicationsCount, occupancyRate, daysOnMarket, viewCount) values (7, 1, 21, 45, 74.79, 161, 101);
insert into PerformanceReport (reportID, apartmentID, brokerID, applicationsCount, occupancyRate, daysOnMarket, viewCount) values (8, 32, 1, 10, null, 306, 384);
insert into PerformanceReport (reportID, apartmentID, brokerID, applicationsCount, occupancyRate, daysOnMarket, viewCount) values (9, 28, 8, 19, null, 110, 250);
insert into PerformanceReport (reportID, apartmentID, brokerID, applicationsCount, occupancyRate, daysOnMarket, viewCount) values (10, 9, 15, 14, 99.24, 106, 153);
insert into PerformanceReport (reportID, apartmentID, brokerID, applicationsCount, occupancyRate, daysOnMarket, viewCount) values (11, 34, 21, 34, null, 214, 100);
insert into PerformanceReport (reportID, apartmentID, brokerID, applicationsCount, occupancyRate, daysOnMarket, viewCount) values (12, 23, 10, 14, 9.13, 182, 337);
insert into PerformanceReport (reportID, apartmentID, brokerID, applicationsCount, occupancyRate, daysOnMarket, viewCount) values (13, 16, 9, 18, 19.77, 128, 151);
insert into PerformanceReport (reportID, apartmentID, brokerID, applicationsCount, occupancyRate, daysOnMarket, viewCount) values (14, 12, 29, 16, null, 43, 253);
insert into PerformanceReport (reportID, apartmentID, brokerID, applicationsCount, occupancyRate, daysOnMarket, viewCount) values (15, 16, 18, 12, 77.0, 14, 424);
insert into PerformanceReport (reportID, apartmentID, brokerID, applicationsCount, occupancyRate, daysOnMarket, viewCount) values (16, 9, 30, 9, 90.38, 250, 198);
insert into PerformanceReport (reportID, apartmentID, brokerID, applicationsCount, occupancyRate, daysOnMarket, viewCount) values (17, 24, 12, 8, null, 177, 207);
insert into PerformanceReport (reportID, apartmentID, brokerID, applicationsCount, occupancyRate, daysOnMarket, viewCount) values (18, 3, 22, 35, 54.85, 227, 391);
insert into PerformanceReport (reportID, apartmentID, brokerID, applicationsCount, occupancyRate, daysOnMarket, viewCount) values (19, 9, 15, 45, 21.25, 361, 183);
insert into PerformanceReport (reportID, apartmentID, brokerID, applicationsCount, occupancyRate, daysOnMarket, viewCount) values (20, 24, 18, 27, null, 119, 105);
insert into PerformanceReport (reportID, apartmentID, brokerID, applicationsCount, occupancyRate, daysOnMarket, viewCount) values (21, 16, 28, 16, 26.86, 24, 246);
insert into PerformanceReport (reportID, apartmentID, brokerID, applicationsCount, occupancyRate, daysOnMarket, viewCount) values (22, 29, 29, 33, 64.46, 184, 23);
insert into PerformanceReport (reportID, apartmentID, brokerID, applicationsCount, occupancyRate, daysOnMarket, viewCount) values (23, 31, 9, 28, null, 39, 116);
insert into PerformanceReport (reportID, apartmentID, brokerID, applicationsCount, occupancyRate, daysOnMarket, viewCount) values (24, 3, 9, 17, 40.15, 76, 245);
insert into PerformanceReport (reportID, apartmentID, brokerID, applicationsCount, occupancyRate, daysOnMarket, viewCount) values (25, 18, 11, 24, null, 307, 192);
insert into PerformanceReport (reportID, apartmentID, brokerID, applicationsCount, occupancyRate, daysOnMarket, viewCount) values (26, 32, 18, 1, null, 53, 390);
insert into PerformanceReport (reportID, apartmentID, brokerID, applicationsCount, occupancyRate, daysOnMarket, viewCount) values (27, 21, 18, 12, null, 62, 106);
insert into PerformanceReport (reportID, apartmentID, brokerID, applicationsCount, occupancyRate, daysOnMarket, viewCount) values (28, 20, 19, 29, 71.95, 98, 294);
insert into PerformanceReport (reportID, apartmentID, brokerID, applicationsCount, occupancyRate, daysOnMarket, viewCount) values (29, 8, 1, 26, 41.6, 14, 198);
insert into PerformanceReport (reportID, apartmentID, brokerID, applicationsCount, occupancyRate, daysOnMarket, viewCount) values (30, 6, 30, 38, 35.1, 337, 455);
insert into PerformanceReport (reportID, apartmentID, brokerID, applicationsCount, occupancyRate, daysOnMarket, viewCount) values (31, 29, 2, 11, null, 323, 47);
insert into PerformanceReport (reportID, apartmentID, brokerID, applicationsCount, occupancyRate, daysOnMarket, viewCount) values (32, 5, 3, 4, null, 40, 484);
insert into PerformanceReport (reportID, apartmentID, brokerID, applicationsCount, occupancyRate, daysOnMarket, viewCount) values (33, 10, 17, 39, 28.65, 353, 433);
insert into PerformanceReport (reportID, apartmentID, brokerID, applicationsCount, occupancyRate, daysOnMarket, viewCount) values (34, 17, 17, 15, 45.28, 115, 325);
insert into PerformanceReport (reportID, apartmentID, brokerID, applicationsCount, occupancyRate, daysOnMarket, viewCount) values (35, 15, 18, 22, null, 126, 491);
insert into PerformanceReport (reportID, apartmentID, brokerID, applicationsCount, occupancyRate, daysOnMarket, viewCount) values (36, 26, 23, 27, 18.78, 341, 264);
insert into PerformanceReport (reportID, apartmentID, brokerID, applicationsCount, occupancyRate, daysOnMarket, viewCount) values (37, 31, 27, 39, 28.98, 148, 318);
insert into PerformanceReport (reportID, apartmentID, brokerID, applicationsCount, occupancyRate, daysOnMarket, viewCount) values (38, 31, 15, 18, null, 141, 453);
insert into PerformanceReport (reportID, apartmentID, brokerID, applicationsCount, occupancyRate, daysOnMarket, viewCount) values (39, 23, 7, 16, 57.34, 350, 452);
insert into PerformanceReport (reportID, apartmentID, brokerID, applicationsCount, occupancyRate, daysOnMarket, viewCount) values (40, 9, 3, 48, 10.35, 249, 19);
insert into PerformanceReport (reportID, apartmentID, brokerID, applicationsCount, occupancyRate, daysOnMarket, viewCount) values (41, 15, 7, 22, null, 285, 280);
insert into PerformanceReport (reportID, apartmentID, brokerID, applicationsCount, occupancyRate, daysOnMarket, viewCount) values (42, 19, 2, 26, 71.05, 342, 236);
insert into PerformanceReport (reportID, apartmentID, brokerID, applicationsCount, occupancyRate, daysOnMarket, viewCount) values (43, 7, 23, 48, 66.52, 148, 264);
insert into PerformanceReport (reportID, apartmentID, brokerID, applicationsCount, occupancyRate, daysOnMarket, viewCount) values (44, 20, 22, 13, null, 78, 145);
insert into PerformanceReport (reportID, apartmentID, brokerID, applicationsCount, occupancyRate, daysOnMarket, viewCount) values (45, 35, 28, 11, 30.43, 250, 438);
insert into PerformanceReport (reportID, apartmentID, brokerID, applicationsCount, occupancyRate, daysOnMarket, viewCount) values (46, 8, 25, 1, 92.84, 242, 159);
insert into PerformanceReport (reportID, apartmentID, brokerID, applicationsCount, occupancyRate, daysOnMarket, viewCount) values (47, 10, 11, 20, 94.17, 101, 303);
insert into PerformanceReport (reportID, apartmentID, brokerID, applicationsCount, occupancyRate, daysOnMarket, viewCount) values (48, 5, 17, 32, null, 138, 208);
insert into PerformanceReport (reportID, apartmentID, brokerID, applicationsCount, occupancyRate, daysOnMarket, viewCount) values (49, 33, 10, 14, 40.88, 77, 85);
insert into PerformanceReport (reportID, apartmentID, brokerID, applicationsCount, occupancyRate, daysOnMarket, viewCount) values (50, 18, 7, 20, 28.76, 128, 319);
insert into PerformanceReport (reportID, apartmentID, brokerID, applicationsCount, occupancyRate, daysOnMarket, viewCount) values (51, 26, 15, 22, 21.7, 114, 172);
insert into PerformanceReport (reportID, apartmentID, brokerID, applicationsCount, occupancyRate, daysOnMarket, viewCount) values (52, 34, 19, 29, 40.7, 65, 94);
insert into PerformanceReport (reportID, apartmentID, brokerID, applicationsCount, occupancyRate, daysOnMarket, viewCount) values (53, 5, 28, 30, 75.72, 239, 356);
insert into PerformanceReport (reportID, apartmentID, brokerID, applicationsCount, occupancyRate, daysOnMarket, viewCount) values (54, 13, 22, 40, 47.22, 61, 97);
insert into PerformanceReport (reportID, apartmentID, brokerID, applicationsCount, occupancyRate, daysOnMarket, viewCount) values (55, 19, 25, 49, 94.88, 195, 426);
insert into PerformanceReport (reportID, apartmentID, brokerID, applicationsCount, occupancyRate, daysOnMarket, viewCount) values (56, 8, 18, 40, 4.98, 147, 166);
insert into PerformanceReport (reportID, apartmentID, brokerID, applicationsCount, occupancyRate, daysOnMarket, viewCount) values (57, 22, 7, 41, null, 313, 127);
insert into PerformanceReport (reportID, apartmentID, brokerID, applicationsCount, occupancyRate, daysOnMarket, viewCount) values (58, 13, 19, 26, 53.21, 44, 374);
insert into PerformanceReport (reportID, apartmentID, brokerID, applicationsCount, occupancyRate, daysOnMarket, viewCount) values (59, 11, 23, 42, 69.06, 328, 412);
insert into PerformanceReport (reportID, apartmentID, brokerID, applicationsCount, occupancyRate, daysOnMarket, viewCount) values (60, 21, 19, 7, 82.06, 162, 453);

insert into Reports (reportID, adminID, senderID, listingID, performanceReportID, reportType, reportReason, reportedUserID) values (1, 3, 1, 11, 43, 'Inappropriate Content', 'Listing has not been updated in months', 23);
insert into Reports (reportID, adminID, senderID, listingID, performanceReportID, reportType, reportReason, reportedUserID) values (2, 6, 39, 57, null, 'Fraudulent Listing', 'Content violates platform rules', 28);
insert into Reports (reportID, adminID, senderID, listingID, performanceReportID, reportType, reportReason, reportedUserID) values (3, 2, 9, 14, 51, 'Bot Activity', 'Listing has not been updated in months', null);
insert into Reports (reportID, adminID, senderID, listingID, performanceReportID, reportType, reportReason, reportedUserID) values (4, 5, 16, 26, null, 'Outdated Listing', 'Content violates platform rules', null);
insert into Reports (reportID, adminID, senderID, listingID, performanceReportID, reportType, reportReason, reportedUserID) values (5, 10, 37, 17, 11, 'Fraudulent Listing', 'Listing has not been updated in months', 21);
insert into Reports (reportID, adminID, senderID, listingID, performanceReportID, reportType, reportReason, reportedUserID) values (6, 3, 40, 2, null, 'Suspicious Activity', 'User has multiple spam reports', 9);
insert into Reports (reportID, adminID, senderID, listingID, performanceReportID, reportType, reportReason, reportedUserID) values (7, 8, 6, 15, 27, 'Inappropriate Content', 'User is suspected bot', 27);
insert into Reports (reportID, adminID, senderID, listingID, performanceReportID, reportType, reportReason, reportedUserID) values (8, 7, 18, null, 1, 'Fraudulent Listing', 'Content violates platform rules', 19);
insert into Reports (reportID, adminID, senderID, listingID, performanceReportID, reportType, reportReason, reportedUserID) values (9, 7, 22, null, 33, 'Inappropriate Content', 'Listing has not been updated in months', 25);
insert into Reports (reportID, adminID, senderID, listingID, performanceReportID, reportType, reportReason, reportedUserID) values (10, 5, 29, 57, 41, 'Bot Activity', 'User is suspected bot', 33);
insert into Reports (reportID, adminID, senderID, listingID, performanceReportID, reportType, reportReason, reportedUserID) values (11, 10, 27, 44, 51, 'Suspicious Activity', 'User is suspected bot', 25);
insert into Reports (reportID, adminID, senderID, listingID, performanceReportID, reportType, reportReason, reportedUserID) values (12, 2, 36, null, 33, 'Inappropriate Content', 'User is suspected bot', 39);
insert into Reports (reportID, adminID, senderID, listingID, performanceReportID, reportType, reportReason, reportedUserID) values (13, 6, 27, 47, 36, 'Bot Activity', 'Listing has incorrect information', 5);
insert into Reports (reportID, adminID, senderID, listingID, performanceReportID, reportType, reportReason, reportedUserID) values (14, 2, 5, 25, 29, 'Suspicious Activity', 'Listing has incorrect information', null);
insert into Reports (reportID, adminID, senderID, listingID, performanceReportID, reportType, reportReason, reportedUserID) values (15, 6, 25, 22, 52, 'Suspicious Activity', 'User is suspected bot', null);
insert into Reports (reportID, adminID, senderID, listingID, performanceReportID, reportType, reportReason, reportedUserID) values (16, 6, 38, 41, 6, 'Bot Activity', 'Listing has incorrect information', 25);
insert into Reports (reportID, adminID, senderID, listingID, performanceReportID, reportType, reportReason, reportedUserID) values (17, 5, 2, 47, null, 'Suspicious Activity', 'Content violates platform rules', 21);
insert into Reports (reportID, adminID, senderID, listingID, performanceReportID, reportType, reportReason, reportedUserID) values (18, 2, 3, 9, null, 'Fraudulent Listing', 'Listing has not been updated in months', 3);
insert into Reports (reportID, adminID, senderID, listingID, performanceReportID, reportType, reportReason, reportedUserID) values (19, 5, 27, null, null, 'Inappropriate Content', 'Listing has not been updated in months', 12);
insert into Reports (reportID, adminID, senderID, listingID, performanceReportID, reportType, reportReason, reportedUserID) values (20, 6, 2, 58, 15, 'Fraudulent Listing', 'Listing has not been updated in months', 26);
insert into Reports (reportID, adminID, senderID, listingID, performanceReportID, reportType, reportReason, reportedUserID) values (21, 8, 16, 5, 3, 'Fraudulent Listing', 'Content violates platform rules', 2);
insert into Reports (reportID, adminID, senderID, listingID, performanceReportID, reportType, reportReason, reportedUserID) values (22, 8, 40, 7, null, 'Outdated Listing', 'Listing has incorrect information', 20);
insert into Reports (reportID, adminID, senderID, listingID, performanceReportID, reportType, reportReason, reportedUserID) values (23, 9, 5, null, null, 'Fraudulent Listing', 'Listing has incorrect information', null);
insert into Reports (reportID, adminID, senderID, listingID, performanceReportID, reportType, reportReason, reportedUserID) values (24, 10, 8, 39, null, 'Fraudulent Listing', 'User has multiple spam reports', 27);
insert into Reports (reportID, adminID, senderID, listingID, performanceReportID, reportType, reportReason, reportedUserID) values (25, 10, 7, 27, null, 'Suspicious Activity', 'Listing has incorrect information', 40);
insert into Reports (reportID, adminID, senderID, listingID, performanceReportID, reportType, reportReason, reportedUserID) values (26, 9, 5, 31, null, 'Inappropriate Content', 'Listing has incorrect information', null);
insert into Reports (reportID, adminID, senderID, listingID, performanceReportID, reportType, reportReason, reportedUserID) values (27, 8, 31, 34, null, 'Inappropriate Content', 'Listing has incorrect information', 22);
insert into Reports (reportID, adminID, senderID, listingID, performanceReportID, reportType, reportReason, reportedUserID) values (28, 2, 31, null, 55, 'Bot Activity', 'User is suspected bot', 27);
insert into Reports (reportID, adminID, senderID, listingID, performanceReportID, reportType, reportReason, reportedUserID) values (29, 8, 35, 48, null, 'Inappropriate Content', 'User has multiple spam reports', 5);
insert into Reports (reportID, adminID, senderID, listingID, performanceReportID, reportType, reportReason, reportedUserID) values (30, 1, 32, 45, 29, 'Fraudulent Listing', 'Listing has not been updated in months', 18);
insert into Reports (reportID, adminID, senderID, listingID, performanceReportID, reportType, reportReason, reportedUserID) values (31, 7, 32, 5, 34, 'Fraudulent Listing', 'Listing has incorrect information', 5);
insert into Reports (reportID, adminID, senderID, listingID, performanceReportID, reportType, reportReason, reportedUserID) values (32, 1, 4, 48, 37, 'Fraudulent Listing', 'User has multiple spam reports', 34);
insert into Reports (reportID, adminID, senderID, listingID, performanceReportID, reportType, reportReason, reportedUserID) values (33, 5, 8, null, null, 'Fraudulent Listing', 'Listing has not been updated in months', 3);
insert into Reports (reportID, adminID, senderID, listingID, performanceReportID, reportType, reportReason, reportedUserID) values (34, 5, 23, null, 13, 'Bot Activity', 'User has multiple spam reports', null);
insert into Reports (reportID, adminID, senderID, listingID, performanceReportID, reportType, reportReason, reportedUserID) values (35, 4, 20, null, 31, 'Fraudulent Listing', 'Listing has incorrect information', null);
insert into Reports (reportID, adminID, senderID, listingID, performanceReportID, reportType, reportReason, reportedUserID) values (36, 10, 19, 51, 24, 'Fraudulent Listing', 'Content violates platform rules', 40);
insert into Reports (reportID, adminID, senderID, listingID, performanceReportID, reportType, reportReason, reportedUserID) values (37, 9, 22, 50, 39, 'Inappropriate Content', 'User is suspected bot', 32);
insert into Reports (reportID, adminID, senderID, listingID, performanceReportID, reportType, reportReason, reportedUserID) values (38, 6, 1, 10, null, 'Outdated Listing', 'Listing has incorrect information', 27);
insert into Reports (reportID, adminID, senderID, listingID, performanceReportID, reportType, reportReason, reportedUserID) values (39, 10, 13, 4, null, 'Fraudulent Listing', 'Content violates platform rules', 3);
insert into Reports (reportID, adminID, senderID, listingID, performanceReportID, reportType, reportReason, reportedUserID) values (40, 1, 8, 57, 31, 'Inappropriate Content', 'User has multiple spam reports', 12);
insert into Reports (reportID, adminID, senderID, listingID, performanceReportID, reportType, reportReason, reportedUserID) values (41, 1, 12, null, null, 'Bot Activity', 'Content violates platform rules', null);
insert into Reports (reportID, adminID, senderID, listingID, performanceReportID, reportType, reportReason, reportedUserID) values (42, 2, 13, 31, 32, 'Inappropriate Content', 'User is suspected bot', 33);
insert into Reports (reportID, adminID, senderID, listingID, performanceReportID, reportType, reportReason, reportedUserID) values (43, 9, 13, null, 2, 'Bot Activity', 'Listing has incorrect information', 23);
insert into Reports (reportID, adminID, senderID, listingID, performanceReportID, reportType, reportReason, reportedUserID) values (44, 5, 22, 5, 6, 'Outdated Listing', 'Content violates platform rules', 12);
insert into Reports (reportID, adminID, senderID, listingID, performanceReportID, reportType, reportReason, reportedUserID) values (45, 9, 25, 17, null, 'Outdated Listing', 'User is suspected bot', 1);
insert into Reports (reportID, adminID, senderID, listingID, performanceReportID, reportType, reportReason, reportedUserID) values (46, 1, 18, 6, null, 'Outdated Listing', 'User is suspected bot', null);
insert into Reports (reportID, adminID, senderID, listingID, performanceReportID, reportType, reportReason, reportedUserID) values (47, 10, 21, null, 24, 'Suspicious Activity', 'User has multiple spam reports', 18);
insert into Reports (reportID, adminID, senderID, listingID, performanceReportID, reportType, reportReason, reportedUserID) values (48, 9, 33, 45, 44, 'Bot Activity', 'Listing has incorrect information', 27);
insert into Reports (reportID, adminID, senderID, listingID, performanceReportID, reportType, reportReason, reportedUserID) values (49, 5, 26, 56, 46, 'Inappropriate Content', 'User is suspected bot', 40);
insert into Reports (reportID, adminID, senderID, listingID, performanceReportID, reportType, reportReason, reportedUserID) values (50, 4, 13, 33, 21, 'Suspicious Activity', 'User has multiple spam reports', 10);
insert into Reports (reportID, adminID, senderID, listingID, performanceReportID, reportType, reportReason, reportedUserID) values (51, 7, 29, 45, null, 'Outdated Listing', 'Listing has incorrect information', null);
insert into Reports (reportID, adminID, senderID, listingID, performanceReportID, reportType, reportReason, reportedUserID) values (52, 9, 5, 25, null, 'Outdated Listing', 'Listing has incorrect information', null);
insert into Reports (reportID, adminID, senderID, listingID, performanceReportID, reportType, reportReason, reportedUserID) values (53, 10, 40, 25, 34, 'Outdated Listing', 'Content violates platform rules', null);
insert into Reports (reportID, adminID, senderID, listingID, performanceReportID, reportType, reportReason, reportedUserID) values (54, 3, 19, 38, null, 'Inappropriate Content', 'User has multiple spam reports', 5);
insert into Reports (reportID, adminID, senderID, listingID, performanceReportID, reportType, reportReason, reportedUserID) values (55, 8, 36, 15, 48, 'Fraudulent Listing', 'Listing has incorrect information', 3);
insert into Reports (reportID, adminID, senderID, listingID, performanceReportID, reportType, reportReason, reportedUserID) values (56, 4, 28, 31, 9, 'Bot Activity', 'Listing has not been updated in months', 1);
insert into Reports (reportID, adminID, senderID, listingID, performanceReportID, reportType, reportReason, reportedUserID) values (57, 6, 39, 13, null, 'Suspicious Activity', 'Content violates platform rules', 23);
insert into Reports (reportID, adminID, senderID, listingID, performanceReportID, reportType, reportReason, reportedUserID) values (58, 7, 23, 51, 16, 'Bot Activity', 'User has multiple spam reports', 29);
insert into Reports (reportID, adminID, senderID, listingID, performanceReportID, reportType, reportReason, reportedUserID) values (59, 10, 13, null, null, 'Inappropriate Content', 'User is suspected bot', 25);
insert into Reports (reportID, adminID, senderID, listingID, performanceReportID, reportType, reportReason, reportedUserID) values (60, 5, 38, 18, 45, 'Outdated Listing', 'User is suspected bot', 24);

insert into ModerationAction (actionID, adminID, userID, listingID, reportID, actionType, actionStatus, actionDate, actionReason) values (1, 10, 20, 46, 5, 'Suspended', 'Completed', '2/21/2026', 'User account reinstated after review');
insert into ModerationAction (actionID, adminID, userID, listingID, reportID, actionType, actionStatus, actionDate, actionReason) values (2, 3, 31, 33, 20, 'Suspended', 'Under Review', '7/29/2025', 'User suspended for suspicious activity');
insert into ModerationAction (actionID, adminID, userID, listingID, reportID, actionType, actionStatus, actionDate, actionReason) values (3, 3, 35, 37, null, 'Rejected', 'Under Review', '1/2/2025', 'Listing archived due to inactivity');
insert into ModerationAction (actionID, adminID, userID, listingID, reportID, actionType, actionStatus, actionDate, actionReason) values (4, 3, 14, 21, 55, 'Flagged', 'Under Review', '11/9/2025', 'User account reinstated after review');
insert into ModerationAction (actionID, adminID, userID, listingID, reportID, actionType, actionStatus, actionDate, actionReason) values (5, 5, 13, 38, null, 'Rejected', 'Completed', '10/7/2025', 'Listing verified and approved');
insert into ModerationAction (actionID, adminID, userID, listingID, reportID, actionType, actionStatus, actionDate, actionReason) values (6, 8, 8, 38, 51, 'Suspended', 'Pending', '3/8/2026', 'User account reinstated after review');
insert into ModerationAction (actionID, adminID, userID, listingID, reportID, actionType, actionStatus, actionDate, actionReason) values (7, 9, 22, 43, null, 'Rejected', 'Completed', '1/7/2025', 'User suspended for suspicious activity');
insert into ModerationAction (actionID, adminID, userID, listingID, reportID, actionType, actionStatus, actionDate, actionReason) values (8, 2, 37, 56, 37, 'Suspended', 'Under Review', '9/10/2025', 'Listing verified and approved');
insert into ModerationAction (actionID, adminID, userID, listingID, reportID, actionType, actionStatus, actionDate, actionReason) values (9, 9, 11, 1, 40, 'Suspended', 'Pending', '5/25/2025', 'User account reinstated after review');
insert into ModerationAction (actionID, adminID, userID, listingID, reportID, actionType, actionStatus, actionDate, actionReason) values (10, 1, 33, 44, 56, 'Approved', 'Under Review', '12/27/2025', 'Listing verified and approved');
insert into ModerationAction (actionID, adminID, userID, listingID, reportID, actionType, actionStatus, actionDate, actionReason) values (11, 9, 10, 23, null, 'Suspended', 'Under Review', '7/7/2025', 'Listing archived due to inactivity');
insert into ModerationAction (actionID, adminID, userID, listingID, reportID, actionType, actionStatus, actionDate, actionReason) values (12, 9, 37, 11, 26, 'Flagged', 'Completed', '9/17/2025', 'Content flagged for review');
insert into ModerationAction (actionID, adminID, userID, listingID, reportID, actionType, actionStatus, actionDate, actionReason) values (13, 3, 37, 7, 31, 'Suspended', 'Pending', null, 'Content flagged for review');
insert into ModerationAction (actionID, adminID, userID, listingID, reportID, actionType, actionStatus, actionDate, actionReason) values (14, 7, 1, 40, 46, 'Approved', 'Completed', null, 'Listing verified and approved');
insert into ModerationAction (actionID, adminID, userID, listingID, reportID, actionType, actionStatus, actionDate, actionReason) values (15, 7, 11, 58, null, 'Approved', 'Under Review', '10/8/2025', 'User account reinstated after review');
insert into ModerationAction (actionID, adminID, userID, listingID, reportID, actionType, actionStatus, actionDate, actionReason) values (16, 7, 37, 40, 40, 'Flagged', 'Pending', '5/17/2025', 'Listing archived due to inactivity');
insert into ModerationAction (actionID, adminID, userID, listingID, reportID, actionType, actionStatus, actionDate, actionReason) values (17, 10, 19, 3, 14, 'Archived', 'Pending', '12/6/2025', 'Listing archived due to inactivity');
insert into ModerationAction (actionID, adminID, userID, listingID, reportID, actionType, actionStatus, actionDate, actionReason) values (18, 8, 4, 55, null, 'Flagged', 'Completed', null, 'Content flagged for review');
insert into ModerationAction (actionID, adminID, userID, listingID, reportID, actionType, actionStatus, actionDate, actionReason) values (19, 8, 34, 28, 23, 'Suspended', 'Pending', '6/15/2025', 'User suspended for suspicious activity');
insert into ModerationAction (actionID, adminID, userID, listingID, reportID, actionType, actionStatus, actionDate, actionReason) values (20, 5, 31, 42, null, 'Archived', 'Under Review', '7/16/2025', 'User account reinstated after review');
insert into ModerationAction (actionID, adminID, userID, listingID, reportID, actionType, actionStatus, actionDate, actionReason) values (21, 1, 24, 3, null, 'Rejected', 'Completed', '3/24/2025', 'Content flagged for review');
insert into ModerationAction (actionID, adminID, userID, listingID, reportID, actionType, actionStatus, actionDate, actionReason) values (22, 9, 8, 30, 10, 'Flagged', 'Under Review', '9/28/2025', 'Content flagged for review');
insert into ModerationAction (actionID, adminID, userID, listingID, reportID, actionType, actionStatus, actionDate, actionReason) values (23, 5, 29, 3, null, 'Approved', 'Completed', '2/17/2025', 'Content flagged for review');
insert into ModerationAction (actionID, adminID, userID, listingID, reportID, actionType, actionStatus, actionDate, actionReason) values (24, 5, 40, 37, null, 'Suspended', 'Under Review', '8/16/2025', 'User suspended for suspicious activity');
insert into ModerationAction (actionID, adminID, userID, listingID, reportID, actionType, actionStatus, actionDate, actionReason) values (25, 8, 25, 33, 57, 'Flagged', 'Pending', '2/22/2025', 'User suspended for suspicious activity');
insert into ModerationAction (actionID, adminID, userID, listingID, reportID, actionType, actionStatus, actionDate, actionReason) values (26, 3, 17, 39, null, 'Flagged', 'Pending', '1/17/2025', 'User suspended for suspicious activity');
insert into ModerationAction (actionID, adminID, userID, listingID, reportID, actionType, actionStatus, actionDate, actionReason) values (27, 7, 29, 50, 24, 'Suspended', 'Under Review', '3/24/2025', 'User suspended for suspicious activity');
insert into ModerationAction (actionID, adminID, userID, listingID, reportID, actionType, actionStatus, actionDate, actionReason) values (28, 4, 17, 60, 43, 'Suspended', 'Completed', '11/15/2025', 'Listing verified and approved');
insert into ModerationAction (actionID, adminID, userID, listingID, reportID, actionType, actionStatus, actionDate, actionReason) values (29, 2, 29, 2, null, 'Archived', 'Completed', null, 'Content flagged for review');
insert into ModerationAction (actionID, adminID, userID, listingID, reportID, actionType, actionStatus, actionDate, actionReason) values (30, 1, 30, 35, null, 'Flagged', 'Under Review', '10/5/2025', 'User suspended for suspicious activity');
insert into ModerationAction (actionID, adminID, userID, listingID, reportID, actionType, actionStatus, actionDate, actionReason) values (31, 6, 13, 44, 39, 'Rejected', 'Pending', '8/30/2025', 'User account reinstated after review');
insert into ModerationAction (actionID, adminID, userID, listingID, reportID, actionType, actionStatus, actionDate, actionReason) values (32, 7, 31, 13, null, 'Rejected', 'Under Review', '8/18/2025', 'User account reinstated after review');
insert into ModerationAction (actionID, adminID, userID, listingID, reportID, actionType, actionStatus, actionDate, actionReason) values (33, 10, 25, 39, 11, 'Suspended', 'Pending', '9/2/2025', 'Content flagged for review');
insert into ModerationAction (actionID, adminID, userID, listingID, reportID, actionType, actionStatus, actionDate, actionReason) values (34, 2, 7, 55, 40, 'Rejected', 'Completed', '8/21/2025', 'User account reinstated after review');
insert into ModerationAction (actionID, adminID, userID, listingID, reportID, actionType, actionStatus, actionDate, actionReason) values (35, 10, 13, 6, null, 'Flagged', 'Completed', '1/5/2026', 'User account reinstated after review');
insert into ModerationAction (actionID, adminID, userID, listingID, reportID, actionType, actionStatus, actionDate, actionReason) values (36, 10, 7, 42, 34, 'Approved', 'Under Review', '5/15/2025', 'Listing archived due to inactivity');
insert into ModerationAction (actionID, adminID, userID, listingID, reportID, actionType, actionStatus, actionDate, actionReason) values (37, 10, 21, 52, 52, 'Suspended', 'Completed', '11/10/2025', 'User suspended for suspicious activity');
insert into ModerationAction (actionID, adminID, userID, listingID, reportID, actionType, actionStatus, actionDate, actionReason) values (38, 8, 25, 44, null, 'Suspended', 'Pending', null, 'User suspended for suspicious activity');
insert into ModerationAction (actionID, adminID, userID, listingID, reportID, actionType, actionStatus, actionDate, actionReason) values (39, 4, 9, 4, 16, 'Archived', 'Completed', '9/30/2025', 'Listing archived due to inactivity');
insert into ModerationAction (actionID, adminID, userID, listingID, reportID, actionType, actionStatus, actionDate, actionReason) values (40, 7, 22, 11, 15, 'Rejected', 'Under Review', '1/28/2025', 'Listing archived due to inactivity');
insert into ModerationAction (actionID, adminID, userID, listingID, reportID, actionType, actionStatus, actionDate, actionReason) values (41, 6, 33, 6, 15, 'Archived', 'Under Review', '2/11/2025', 'User suspended for suspicious activity');
insert into ModerationAction (actionID, adminID, userID, listingID, reportID, actionType, actionStatus, actionDate, actionReason) values (42, 5, 30, 41, 11, 'Approved', 'Under Review', '7/30/2025', 'Listing archived due to inactivity');
insert into ModerationAction (actionID, adminID, userID, listingID, reportID, actionType, actionStatus, actionDate, actionReason) values (43, 9, 10, 6, 18, 'Archived', 'Completed', '7/11/2025', 'User account reinstated after review');
insert into ModerationAction (actionID, adminID, userID, listingID, reportID, actionType, actionStatus, actionDate, actionReason) values (44, 3, 24, 10, null, 'Flagged', 'Pending', '7/6/2025', 'Listing verified and approved');
insert into ModerationAction (actionID, adminID, userID, listingID, reportID, actionType, actionStatus, actionDate, actionReason) values (45, 5, 23, 1, 25, 'Approved', 'Under Review', '3/26/2026', 'User account reinstated after review');
insert into ModerationAction (actionID, adminID, userID, listingID, reportID, actionType, actionStatus, actionDate, actionReason) values (46, 2, 36, 10, 5, 'Rejected', 'Completed', null, 'Listing archived due to inactivity');
insert into ModerationAction (actionID, adminID, userID, listingID, reportID, actionType, actionStatus, actionDate, actionReason) values (47, 6, 13, 58, 6, 'Approved', 'Under Review', '12/23/2025', 'User account reinstated after review');
insert into ModerationAction (actionID, adminID, userID, listingID, reportID, actionType, actionStatus, actionDate, actionReason) values (48, 3, 7, 26, 32, 'Rejected', 'Under Review', '10/4/2025', 'Content flagged for review');
insert into ModerationAction (actionID, adminID, userID, listingID, reportID, actionType, actionStatus, actionDate, actionReason) values (49, 8, 26, 24, 36, 'Flagged', 'Pending', '2/10/2026', 'Content flagged for review');
insert into ModerationAction (actionID, adminID, userID, listingID, reportID, actionType, actionStatus, actionDate, actionReason) values (50, 9, 32, 23, 49, 'Flagged', 'Pending', '4/7/2025', 'Content flagged for review');
insert into ModerationAction (actionID, adminID, userID, listingID, reportID, actionType, actionStatus, actionDate, actionReason) values (51, 3, 16, 5, 24, 'Flagged', 'Pending', '11/14/2025', 'User account reinstated after review');
insert into ModerationAction (actionID, adminID, userID, listingID, reportID, actionType, actionStatus, actionDate, actionReason) values (52, 3, 20, 48, null, 'Suspended', 'Under Review', '9/25/2025', 'Listing archived due to inactivity');
insert into ModerationAction (actionID, adminID, userID, listingID, reportID, actionType, actionStatus, actionDate, actionReason) values (53, 8, 29, 47, 14, 'Archived', 'Under Review', '3/14/2025', 'User account reinstated after review');
insert into ModerationAction (actionID, adminID, userID, listingID, reportID, actionType, actionStatus, actionDate, actionReason) values (54, 2, 30, 26, 33, 'Approved', 'Under Review', null, 'User account reinstated after review');
insert into ModerationAction (actionID, adminID, userID, listingID, reportID, actionType, actionStatus, actionDate, actionReason) values (55, 7, 15, 17, null, 'Suspended', 'Under Review', '2/27/2025', 'Content flagged for review');
insert into ModerationAction (actionID, adminID, userID, listingID, reportID, actionType, actionStatus, actionDate, actionReason) values (56, 6, 1, 12, 13, 'Archived', 'Under Review', null, 'User account reinstated after review');
insert into ModerationAction (actionID, adminID, userID, listingID, reportID, actionType, actionStatus, actionDate, actionReason) values (57, 1, 18, 39, 57, 'Archived', 'Under Review', '10/2/2025', 'User account reinstated after review');
insert into ModerationAction (actionID, adminID, userID, listingID, reportID, actionType, actionStatus, actionDate, actionReason) values (58, 8, 40, 50, null, 'Flagged', 'Pending', '1/20/2026', 'Content flagged for review');
insert into ModerationAction (actionID, adminID, userID, listingID, reportID, actionType, actionStatus, actionDate, actionReason) values (59, 7, 3, 43, 13, 'Archived', 'Under Review', '7/4/2025', 'User account reinstated after review');
insert into ModerationAction (actionID, adminID, userID, listingID, reportID, actionType, actionStatus, actionDate, actionReason) values (60, 5, 27, 21, 16, 'Suspended', 'Under Review', '4/7/2025', 'User account reinstated after review');

insert into ApartmentAmenities (apartmentID, featureID) values (9, 25);
insert into ApartmentAmenities (apartmentID, featureID) values (22, 21);
insert into ApartmentAmenities (apartmentID, featureID) values (19, 3);
insert into ApartmentAmenities (apartmentID, featureID) values (3, 29);
insert into ApartmentAmenities (apartmentID, featureID) values (10, 8);
insert into ApartmentAmenities (apartmentID, featureID) values (27, 24);
insert into ApartmentAmenities (apartmentID, featureID) values (19, 13);
insert into ApartmentAmenities (apartmentID, featureID) values (11, 7);
insert into ApartmentAmenities (apartmentID, featureID) values (6, 22);
insert into ApartmentAmenities (apartmentID, featureID) values (26, 15);
insert into ApartmentAmenities (apartmentID, featureID) values (29, 16);
insert into ApartmentAmenities (apartmentID, featureID) values (2, 3);
insert into ApartmentAmenities (apartmentID, featureID) values (26, 23);
insert into ApartmentAmenities (apartmentID, featureID) values (8, 4);
insert into ApartmentAmenities (apartmentID, featureID) values (25, 7);
insert into ApartmentAmenities (apartmentID, featureID) values (28, 29);
insert into ApartmentAmenities (apartmentID, featureID) values (24, 17);
insert into ApartmentAmenities (apartmentID, featureID) values (1, 20);
insert into ApartmentAmenities (apartmentID, featureID) values (23, 22);
insert into ApartmentAmenities (apartmentID, featureID) values (14, 2);
insert into ApartmentAmenities (apartmentID, featureID) values (31, 26);
insert into ApartmentAmenities (apartmentID, featureID) values (2, 11);
insert into ApartmentAmenities (apartmentID, featureID) values (8, 28);
insert into ApartmentAmenities (apartmentID, featureID) values (25, 28);
insert into ApartmentAmenities (apartmentID, featureID) values (35, 26);
insert into ApartmentAmenities (apartmentID, featureID) values (30, 30);
insert into ApartmentAmenities (apartmentID, featureID) values (24, 28);
insert into ApartmentAmenities (apartmentID, featureID) values (29, 24);
insert into ApartmentAmenities (apartmentID, featureID) values (22, 29);
insert into ApartmentAmenities (apartmentID, featureID) values (13, 20);
insert into ApartmentAmenities (apartmentID, featureID) values (20, 6);
insert into ApartmentAmenities (apartmentID, featureID) values (13, 1);
insert into ApartmentAmenities (apartmentID, featureID) values (8, 3);
insert into ApartmentAmenities (apartmentID, featureID) values (30, 12);
insert into ApartmentAmenities (apartmentID, featureID) values (25, 27);
insert into ApartmentAmenities (apartmentID, featureID) values (34, 20);
insert into ApartmentAmenities (apartmentID, featureID) values (5, 9);
insert into ApartmentAmenities (apartmentID, featureID) values (3, 11);
insert into ApartmentAmenities (apartmentID, featureID) values (10, 22);
insert into ApartmentAmenities (apartmentID, featureID) values (13, 10);
insert into ApartmentAmenities (apartmentID, featureID) values (9, 23);
insert into ApartmentAmenities (apartmentID, featureID) values (25, 11);
insert into ApartmentAmenities (apartmentID, featureID) values (19, 1);
insert into ApartmentAmenities (apartmentID, featureID) values (26, 29);
insert into ApartmentAmenities (apartmentID, featureID) values (18, 1);
insert into ApartmentAmenities (apartmentID, featureID) values (16, 17);
insert into ApartmentAmenities (apartmentID, featureID) values (4, 29);
insert into ApartmentAmenities (apartmentID, featureID) values (16, 30);
insert into ApartmentAmenities (apartmentID, featureID) values (20, 27);
insert into ApartmentAmenities (apartmentID, featureID) values (2, 6);
insert into ApartmentAmenities (apartmentID, featureID) values (25, 26);
insert into ApartmentAmenities (apartmentID, featureID) values (32, 8);
insert into ApartmentAmenities (apartmentID, featureID) values (5, 17);
insert into ApartmentAmenities (apartmentID, featureID) values (13, 27);
insert into ApartmentAmenities (apartmentID, featureID) values (8, 22);
insert into ApartmentAmenities (apartmentID, featureID) values (15, 19);
insert into ApartmentAmenities (apartmentID, featureID) values (33, 29);
insert into ApartmentAmenities (apartmentID, featureID) values (27, 29);
insert into ApartmentAmenities (apartmentID, featureID) values (20, 22);
insert into ApartmentAmenities (apartmentID, featureID) values (28, 12);
insert into ApartmentAmenities (apartmentID, featureID) values (3, 25);
insert into ApartmentAmenities (apartmentID, featureID) values (32, 12);
insert into ApartmentAmenities (apartmentID, featureID) values (20, 29);
insert into ApartmentAmenities (apartmentID, featureID) values (28, 30);
insert into ApartmentAmenities (apartmentID, featureID) values (34, 11);
insert into ApartmentAmenities (apartmentID, featureID) values (5, 10);
insert into ApartmentAmenities (apartmentID, featureID) values (28, 16);
insert into ApartmentAmenities (apartmentID, featureID) values (32, 11);
insert into ApartmentAmenities (apartmentID, featureID) values (19, 20);
insert into ApartmentAmenities (apartmentID, featureID) values (29, 5);
insert into ApartmentAmenities (apartmentID, featureID) values (23, 8);
insert into ApartmentAmenities (apartmentID, featureID) values (35, 1);
insert into ApartmentAmenities (apartmentID, featureID) values (4, 23);
insert into ApartmentAmenities (apartmentID, featureID) values (12, 30);
insert into ApartmentAmenities (apartmentID, featureID) values (30, 13);
insert into ApartmentAmenities (apartmentID, featureID) values (19, 5);
insert into ApartmentAmenities (apartmentID, featureID) values (25, 30);
insert into ApartmentAmenities (apartmentID, featureID) values (13, 25);
insert into ApartmentAmenities (apartmentID, featureID) values (31, 22);
insert into ApartmentAmenities (apartmentID, featureID) values (11, 4);
insert into ApartmentAmenities (apartmentID, featureID) values (7, 30);
insert into ApartmentAmenities (apartmentID, featureID) values (24, 29);
insert into ApartmentAmenities (apartmentID, featureID) values (13, 9);
insert into ApartmentAmenities (apartmentID, featureID) values (6, 20);
insert into ApartmentAmenities (apartmentID, featureID) values (8, 12);
insert into ApartmentAmenities (apartmentID, featureID) values (3, 15);
insert into ApartmentAmenities (apartmentID, featureID) values (6, 27);
insert into ApartmentAmenities (apartmentID, featureID) values (11, 8);
insert into ApartmentAmenities (apartmentID, featureID) values (4, 17);
insert into ApartmentAmenities (apartmentID, featureID) values (27, 30);
insert into ApartmentAmenities (apartmentID, featureID) values (32, 25);
insert into ApartmentAmenities (apartmentID, featureID) values (5, 26);
insert into ApartmentAmenities (apartmentID, featureID) values (22, 2);
insert into ApartmentAmenities (apartmentID, featureID) values (29, 2);
insert into ApartmentAmenities (apartmentID, featureID) values (10, 9);
insert into ApartmentAmenities (apartmentID, featureID) values (22, 27);
insert into ApartmentAmenities (apartmentID, featureID) values (22, 24);
insert into ApartmentAmenities (apartmentID, featureID) values (16, 21);
insert into ApartmentAmenities (apartmentID, featureID) values (23, 16);
insert into ApartmentAmenities (apartmentID, featureID) values (14, 22);
insert into ApartmentAmenities (apartmentID, featureID) values (24, 13);
insert into ApartmentAmenities (apartmentID, featureID) values (26, 21);
insert into ApartmentAmenities (apartmentID, featureID) values (18, 2);
insert into ApartmentAmenities (apartmentID, featureID) values (5, 19);
insert into ApartmentAmenities (apartmentID, featureID) values (10, 10);
insert into ApartmentAmenities (apartmentID, featureID) values (1, 17);
insert into ApartmentAmenities (apartmentID, featureID) values (11, 18);
insert into ApartmentAmenities (apartmentID, featureID) values (12, 27);
insert into ApartmentAmenities (apartmentID, featureID) values (25, 29);
insert into ApartmentAmenities (apartmentID, featureID) values (2, 9);
insert into ApartmentAmenities (apartmentID, featureID) values (20, 5);
insert into ApartmentAmenities (apartmentID, featureID) values (21, 21);
insert into ApartmentAmenities (apartmentID, featureID) values (17, 13);

insert into RenterPreferences (renterID, featureID) values (9, 15);
insert into RenterPreferences (renterID, featureID) values (22, 2);
insert into RenterPreferences (renterID, featureID) values (33, 22);
insert into RenterPreferences (renterID, featureID) values (31, 4);
insert into RenterPreferences (renterID, featureID) values (29, 6);
insert into RenterPreferences (renterID, featureID) values (9, 2);
insert into RenterPreferences (renterID, featureID) values (24, 23);
insert into RenterPreferences (renterID, featureID) values (27, 4);
insert into RenterPreferences (renterID, featureID) values (32, 28);
insert into RenterPreferences (renterID, featureID) values (4, 3);
insert into RenterPreferences (renterID, featureID) values (26, 24);
insert into RenterPreferences (renterID, featureID) values (29, 1);
insert into RenterPreferences (renterID, featureID) values (26, 29);
insert into RenterPreferences (renterID, featureID) values (19, 2);
insert into RenterPreferences (renterID, featureID) values (19, 26);
insert into RenterPreferences (renterID, featureID) values (2, 27);
insert into RenterPreferences (renterID, featureID) values (5, 25);
insert into RenterPreferences (renterID, featureID) values (4, 27);
insert into RenterPreferences (renterID, featureID) values (32, 17);
insert into RenterPreferences (renterID, featureID) values (5, 14);
insert into RenterPreferences (renterID, featureID) values (6, 14);
insert into RenterPreferences (renterID, featureID) values (35, 13);
insert into RenterPreferences (renterID, featureID) values (20, 28);
insert into RenterPreferences (renterID, featureID) values (25, 4);
insert into RenterPreferences (renterID, featureID) values (7, 11);
insert into RenterPreferences (renterID, featureID) values (23, 15);
insert into RenterPreferences (renterID, featureID) values (23, 13);
insert into RenterPreferences (renterID, featureID) values (35, 22);
insert into RenterPreferences (renterID, featureID) values (27, 6);
insert into RenterPreferences (renterID, featureID) values (4, 19);
insert into RenterPreferences (renterID, featureID) values (10, 6);
insert into RenterPreferences (renterID, featureID) values (14, 27);
insert into RenterPreferences (renterID, featureID) values (34, 25);
insert into RenterPreferences (renterID, featureID) values (24, 25);
insert into RenterPreferences (renterID, featureID) values (27, 24);
insert into RenterPreferences (renterID, featureID) values (26, 21);
insert into RenterPreferences (renterID, featureID) values (8, 8);
insert into RenterPreferences (renterID, featureID) values (21, 12);
insert into RenterPreferences (renterID, featureID) values (32, 19);
insert into RenterPreferences (renterID, featureID) values (33, 9);
insert into RenterPreferences (renterID, featureID) values (13, 10);
insert into RenterPreferences (renterID, featureID) values (28, 4);
insert into RenterPreferences (renterID, featureID) values (9, 22);
insert into RenterPreferences (renterID, featureID) values (7, 16);
insert into RenterPreferences (renterID, featureID) values (29, 20);
insert into RenterPreferences (renterID, featureID) values (5, 17);
insert into RenterPreferences (renterID, featureID) values (2, 29);
insert into RenterPreferences (renterID, featureID) values (14, 16);
insert into RenterPreferences (renterID, featureID) values (5, 18);
insert into RenterPreferences (renterID, featureID) values (35, 26);
insert into RenterPreferences (renterID, featureID) values (27, 25);
insert into RenterPreferences (renterID, featureID) values (24, 1);
insert into RenterPreferences (renterID, featureID) values (19, 29);
insert into RenterPreferences (renterID, featureID) values (14, 19);
insert into RenterPreferences (renterID, featureID) values (11, 3);
insert into RenterPreferences (renterID, featureID) values (33, 19);
insert into RenterPreferences (renterID, featureID) values (20, 23);
insert into RenterPreferences (renterID, featureID) values (31, 28);
insert into RenterPreferences (renterID, featureID) values (7, 18);
insert into RenterPreferences (renterID, featureID) values (17, 14);
insert into RenterPreferences (renterID, featureID) values (7, 14);
insert into RenterPreferences (renterID, featureID) values (16, 5);
insert into RenterPreferences (renterID, featureID) values (5, 7);
insert into RenterPreferences (renterID, featureID) values (28, 11);
insert into RenterPreferences (renterID, featureID) values (29, 25);
insert into RenterPreferences (renterID, featureID) values (9, 29);
insert into RenterPreferences (renterID, featureID) values (11, 25);
insert into RenterPreferences (renterID, featureID) values (4, 30);
insert into RenterPreferences (renterID, featureID) values (9, 13);
insert into RenterPreferences (renterID, featureID) values (35, 18);
insert into RenterPreferences (renterID, featureID) values (13, 7);
insert into RenterPreferences (renterID, featureID) values (3, 23);
insert into RenterPreferences (renterID, featureID) values (1, 9);
insert into RenterPreferences (renterID, featureID) values (26, 4);
insert into RenterPreferences (renterID, featureID) values (7, 3);
insert into RenterPreferences (renterID, featureID) values (23, 28);
insert into RenterPreferences (renterID, featureID) values (16, 3);
insert into RenterPreferences (renterID, featureID) values (20, 25);
insert into RenterPreferences (renterID, featureID) values (26, 9);
insert into RenterPreferences (renterID, featureID) values (7, 12);
insert into RenterPreferences (renterID, featureID) values (17, 12);
insert into RenterPreferences (renterID, featureID) values (1, 20);
insert into RenterPreferences (renterID, featureID) values (26, 12);
insert into RenterPreferences (renterID, featureID) values (18, 29);
insert into RenterPreferences (renterID, featureID) values (28, 19);
insert into RenterPreferences (renterID, featureID) values (21, 18);
insert into RenterPreferences (renterID, featureID) values (22, 17);
insert into RenterPreferences (renterID, featureID) values (24, 17);
insert into RenterPreferences (renterID, featureID) values (13, 15);
insert into RenterPreferences (renterID, featureID) values (33, 1);
insert into RenterPreferences (renterID, featureID) values (34, 27);
insert into RenterPreferences (renterID, featureID) values (1, 23);
insert into RenterPreferences (renterID, featureID) values (15, 3);
insert into RenterPreferences (renterID, featureID) values (32, 15);
insert into RenterPreferences (renterID, featureID) values (34, 26);
insert into RenterPreferences (renterID, featureID) values (16, 29);
insert into RenterPreferences (renterID, featureID) values (12, 20);
insert into RenterPreferences (renterID, featureID) values (33, 13);
insert into RenterPreferences (renterID, featureID) values (2, 28);
insert into RenterPreferences (renterID, featureID) values (29, 17);
insert into RenterPreferences (renterID, featureID) values (27, 13);
insert into RenterPreferences (renterID, featureID) values (30, 17);
insert into RenterPreferences (renterID, featureID) values (33, 5);
insert into RenterPreferences (renterID, featureID) values (5, 22);
insert into RenterPreferences (renterID, featureID) values (10, 23);
insert into RenterPreferences (renterID, featureID) values (20, 21);
insert into RenterPreferences (renterID, featureID) values (8, 19);
insert into RenterPreferences (renterID, featureID) values (22, 29);
insert into RenterPreferences (renterID, featureID) values (7, 30);
insert into RenterPreferences (renterID, featureID) values (21, 20);
insert into RenterPreferences (renterID, featureID) values (35, 14);
insert into RenterPreferences (renterID, featureID) values (33, 2);
insert into RenterPreferences (renterID, featureID) values (3, 16);
insert into RenterPreferences (renterID, featureID) values (20, 5);
insert into RenterPreferences (renterID, featureID) values (18, 22);
insert into RenterPreferences (renterID, featureID) values (18, 10);
insert into RenterPreferences (renterID, featureID) values (12, 30);

insert into Dealbreakers (renterID, featureID) values (26, 25);
insert into Dealbreakers (renterID, featureID) values (29, 21);
insert into Dealbreakers (renterID, featureID) values (32, 30);
insert into Dealbreakers (renterID, featureID) values (31, 3);
insert into Dealbreakers (renterID, featureID) values (21, 11);
insert into Dealbreakers (renterID, featureID) values (8, 25);
insert into Dealbreakers (renterID, featureID) values (22, 29);
insert into Dealbreakers (renterID, featureID) values (32, 9);
insert into Dealbreakers (renterID, featureID) values (25, 16);
insert into Dealbreakers (renterID, featureID) values (17, 16);
insert into Dealbreakers (renterID, featureID) values (1, 5);
insert into Dealbreakers (renterID, featureID) values (12, 1);
insert into Dealbreakers (renterID, featureID) values (29, 4);
insert into Dealbreakers (renterID, featureID) values (35, 28);
insert into Dealbreakers (renterID, featureID) values (26, 3);
insert into Dealbreakers (renterID, featureID) values (22, 21);
insert into Dealbreakers (renterID, featureID) values (34, 6);
insert into Dealbreakers (renterID, featureID) values (5, 9);
insert into Dealbreakers (renterID, featureID) values (12, 20);
insert into Dealbreakers (renterID, featureID) values (23, 20);
insert into Dealbreakers (renterID, featureID) values (26, 4);
insert into Dealbreakers (renterID, featureID) values (21, 8);
insert into Dealbreakers (renterID, featureID) values (10, 25);
insert into Dealbreakers (renterID, featureID) values (16, 12);
insert into Dealbreakers (renterID, featureID) values (22, 14);
insert into Dealbreakers (renterID, featureID) values (23, 5);
insert into Dealbreakers (renterID, featureID) values (4, 14);
insert into Dealbreakers (renterID, featureID) values (8, 15);
insert into Dealbreakers (renterID, featureID) values (10, 1);
insert into Dealbreakers (renterID, featureID) values (6, 4);
insert into Dealbreakers (renterID, featureID) values (21, 2);
insert into Dealbreakers (renterID, featureID) values (28, 15);
insert into Dealbreakers (renterID, featureID) values (5, 2);
insert into Dealbreakers (renterID, featureID) values (1, 3);
insert into Dealbreakers (renterID, featureID) values (32, 2);
insert into Dealbreakers (renterID, featureID) values (21, 21);
insert into Dealbreakers (renterID, featureID) values (4, 21);
insert into Dealbreakers (renterID, featureID) values (28, 21);
insert into Dealbreakers (renterID, featureID) values (7, 21);
insert into Dealbreakers (renterID, featureID) values (21, 1);
insert into Dealbreakers (renterID, featureID) values (23, 12);
insert into Dealbreakers (renterID, featureID) values (32, 1);
insert into Dealbreakers (renterID, featureID) values (21, 27);
insert into Dealbreakers (renterID, featureID) values (14, 5);
insert into Dealbreakers (renterID, featureID) values (19, 11);
insert into Dealbreakers (renterID, featureID) values (25, 12);
insert into Dealbreakers (renterID, featureID) values (1, 1);
insert into Dealbreakers (renterID, featureID) values (15, 15);
insert into Dealbreakers (renterID, featureID) values (23, 30);
insert into Dealbreakers (renterID, featureID) values (14, 26);
insert into Dealbreakers (renterID, featureID) values (10, 26);
insert into Dealbreakers (renterID, featureID) values (30, 23);
insert into Dealbreakers (renterID, featureID) values (29, 23);
insert into Dealbreakers (renterID, featureID) values (22, 7);
insert into Dealbreakers (renterID, featureID) values (11, 26);
insert into Dealbreakers (renterID, featureID) values (5, 20);
insert into Dealbreakers (renterID, featureID) values (35, 30);
insert into Dealbreakers (renterID, featureID) values (12, 24);
insert into Dealbreakers (renterID, featureID) values (28, 1);
insert into Dealbreakers (renterID, featureID) values (26, 9);
insert into Dealbreakers (renterID, featureID) values (21, 10);
insert into Dealbreakers (renterID, featureID) values (15, 26);
insert into Dealbreakers (renterID, featureID) values (32, 18);
insert into Dealbreakers (renterID, featureID) values (31, 30);
insert into Dealbreakers (renterID, featureID) values (4, 4);
insert into Dealbreakers (renterID, featureID) values (10, 5);
insert into Dealbreakers (renterID, featureID) values (17, 27);
insert into Dealbreakers (renterID, featureID) values (23, 19);
insert into Dealbreakers (renterID, featureID) values (16, 16);
insert into Dealbreakers (renterID, featureID) values (21, 20);
insert into Dealbreakers (renterID, featureID) values (13, 12);
insert into Dealbreakers (renterID, featureID) values (2, 12);
insert into Dealbreakers (renterID, featureID) values (24, 27);
insert into Dealbreakers (renterID, featureID) values (27, 19);
insert into Dealbreakers (renterID, featureID) values (4, 19);
insert into Dealbreakers (renterID, featureID) values (18, 10);
insert into Dealbreakers (renterID, featureID) values (24, 21);
insert into Dealbreakers (renterID, featureID) values (8, 28);
insert into Dealbreakers (renterID, featureID) values (34, 17);
insert into Dealbreakers (renterID, featureID) values (19, 9);
insert into Dealbreakers (renterID, featureID) values (16, 22);
insert into Dealbreakers (renterID, featureID) values (16, 14);
insert into Dealbreakers (renterID, featureID) values (4, 11);
insert into Dealbreakers (renterID, featureID) values (24, 29);
insert into Dealbreakers (renterID, featureID) values (10, 30);
insert into Dealbreakers (renterID, featureID) values (27, 6);
insert into Dealbreakers (renterID, featureID) values (23, 16);
insert into Dealbreakers (renterID, featureID) values (13, 29);
insert into Dealbreakers (renterID, featureID) values (35, 26);
insert into Dealbreakers (renterID, featureID) values (20, 12);
insert into Dealbreakers (renterID, featureID) values (12, 23);
insert into Dealbreakers (renterID, featureID) values (32, 22);
insert into Dealbreakers (renterID, featureID) values (15, 3);
insert into Dealbreakers (renterID, featureID) values (19, 22);
insert into Dealbreakers (renterID, featureID) values (28, 12);
insert into Dealbreakers (renterID, featureID) values (6, 19);
insert into Dealbreakers (renterID, featureID) values (26, 18);
insert into Dealbreakers (renterID, featureID) values (24, 17);
insert into Dealbreakers (renterID, featureID) values (13, 17);
insert into Dealbreakers (renterID, featureID) values (31, 6);
insert into Dealbreakers (renterID, featureID) values (21, 26);
insert into Dealbreakers (renterID, featureID) values (3, 29);
insert into Dealbreakers (renterID, featureID) values (12, 16);
insert into Dealbreakers (renterID, featureID) values (15, 16);
insert into Dealbreakers (renterID, featureID) values (27, 27);
insert into Dealbreakers (renterID, featureID) values (11, 4);
insert into Dealbreakers (renterID, featureID) values (32, 17);
insert into Dealbreakers (renterID, featureID) values (12, 10);
insert into Dealbreakers (renterID, featureID) values (30, 16);
insert into Dealbreakers (renterID, featureID) values (23, 26);
insert into Dealbreakers (renterID, featureID) values (22, 12);
insert into Dealbreakers (renterID, featureID) values (33, 18);
insert into Dealbreakers (renterID, featureID) values (33, 14);
insert into Dealbreakers (renterID, featureID) values (18, 22);
insert into Dealbreakers (renterID, featureID) values (14, 24);
insert into Dealbreakers (renterID, featureID) values (22, 22);
